<?xml version="1.0" encoding="UTF-8"?><extraction><clueid>373892854</clueid><fullpath><![CDATA[http://s.weibo.com/weibo/%25E6%25B1%25BD%25E8%25BD%25A6&typeall=1&suball=1&timescope=custom:2016-06-01:2017-06-01-23&page=23]]></fullpath><realpath><![CDATA[http://s.weibo.com/weibo/%25E6%25B1%25BD%25E8%25BD%25A6&typeall=1&suball=1&timescope=custom:2016-06-01:2017-06-01-23&page=23]]></realpath><theme>微博关键词搜索采集</theme><middle>default</middle><createdate>2017-6-1 17:37:1</createdate><pageno>23</pageno><actionno></actionno><actionvalue></actionvalue><prestamp>DSEngine-+-ds_browser_ds_task_xp1-+-1661183835</prestamp><currentstamp>DSEngine-+-ds_browser_ds_task_xp1-+-1661202723</currentstamp><baseURI><bucketBaseURI><bucketName>list</bucketName><uri><![CDATA[http://s.weibo.com/weibo/%25E6%25B1%25BD%25E8%25BD%25A6&typeall=1&suball=1&timescope=custom:2016-06-01:2017-06-01-23&page=23]]></uri></bucketBaseURI></baseURI>
<列表><item><关键字>汽车</关键字><列><item><博主头像>http://tva3.sinaimg.cn/crop.10.528.1066.1066.50/881cfef3jw8es1he3qo2hj20u01hctkp.jpg</博主头像><博主id>2283601651</博主id><博主>董文骅</博主><博主主页>http://weibo.com/u/2283601651?refer_flag=1001030103_</博主主页><博文>
		170601机会风险股机会股600303曙光股份公司主营业务为整车、车桥及零部件，拥有黄海汽车和曙光车桥两大产品品牌。年初出现股权一女二嫁事件，近日曙光集团再将部分股权转让给华泰汽车，后者将成为控股股东，控制权之争尘埃落定。该股构筑了类似头肩底的形态，右肩震荡过大略显不佳，但相对大盘已是 ​
			...展开全文c
		</博文><博文独立网址>http://weibo.com/2283601651/F5OJQbTPz?refer_flag=1001030103_</博文独立网址><发布时间>2017-06-01 16:29</发布时间><发布终端>360安全浏览器</发布终端><转发数/><评论数/><点赞数/><EXPORTFLAG/></item><item><博主头像>http://tva1.sinaimg.cn/crop.0.0.180.180.50/935b5be2jw1e8qgp5bmzyj2050050aa8.jpg</博主头像><博主id>2472238050</博主id><博主>青云斋2011</博主><博主主页>http://weibo.com/qingyun666?refer_flag=1001030103_</博主主页><博文>
		交通部详解《关于促进汽车租赁业健康发展的指导意见（征求意见稿）》 网页链接 ​
		</博文><博文独立网址>http://weibo.com/2472238050/F5OJKhV9r?refer_flag=1001030103_</博文独立网址><发布时间>2017-06-01 16:28</发布时间><发布终端>360doc个人图书馆网</发布终端><转发数/><评论数/><点赞数/><EXPORTFLAG/></item><item><博主头像>http://tva2.sinaimg.cn/crop.0.0.180.180.50/a185c1a1jw1e8qgp5bmzyj2050050aa8.jpg</博主头像><博主id>2709897633</博主id><博主>Ruyee0_0</博主><博主主页>http://weibo.com/csadecjyr?refer_flag=1001030103_</博主主页><博文>
		#汽车估损师#现场查勘作业须知 网页链接 ​
		</博文><博文独立网址>http://weibo.com/2709897633/F5OJKgVgH?refer_flag=1001030103_</博文独立网址><发布时间>2017-06-01 16:28</发布时间><发布终端>百度分享</发布终端><转发数/><评论数/><点赞数/><EXPORTFLAG/></item><item><博主头像>http://tva1.sinaimg.cn/crop.35.46.435.435.50/a53dce95gw1ecawcfxiglj20e80e8dg7.jpg</博主头像><博主id>2772291221</博主id><博主>见闻实时新闻</博主><博主主页>http://weibo.com/u/2772291221?refer_flag=1001030103_</博主主页><博文>
		德国总理默克尔：全球安全面临威胁之际，德国必须拓展与中国在多个领域的合作关系。德国与中国应在贸易领域相互合作，明确自由贸易，进一步开放市场。德国希望在华德企获得平等待遇。德国有理由相信能够与中国在电动汽车分歧上找出解决办法。|实时快讯 ​
		</博文><博文独立网址>http://weibo.com/2772291221/F5OJEl7CP?refer_flag=1001030103_</博文独立网址><发布时间>2017-06-01 16:28</发布时间><发布终端>微博 weibo.com</发布终端><转发数>6</转发数><评论数>4</评论数><点赞数>6</点赞数><EXPORTFLAG/></item><item><博主头像>http://tva4.sinaimg.cn/crop.0.0.180.180.50/53df69b1jw1e8qgp5bmzyj2050050aa8.jpg</博主头像><博主id>1407150513</博主id><博主>宇音绕梁</博主><博主主页>http://weibo.com/u/1407150513?refer_flag=1001030103_</博主主页><博文>
		为何共享汽车远不如共享单车火爆？ |为何共享汽... ​
		</博文><博文独立网址>http://weibo.com/1407150513/F5OJCjVIw?refer_flag=1001030103_</博文独立网址><发布时间>2017-06-01 16:28</发布时间><发布终端>ZAKER扎客Android版</发布终端><转发数/><评论数/><点赞数/><EXPORTFLAG/></item><item><博主头像>http://tva3.sinaimg.cn/crop.0.0.164.164.50/b5d9e0d5jw1e83ookolp2j204l04l0st.jpg</博主头像><博主id>3050954965</博主id><博主>别克海安长江</博主><博主主页>http://weibo.com/hacjbuick?refer_flag=1001030103_</博主主页><博文>
		【汽车配件怕“热”】发动机活塞温度过高，易导致过热烧熔而发生爆缸；橡胶密封件、三角胶带、轮胎等过热，易过早老化、性能下降、缩短使用寿命；起动机、发电机、调节器等电器设备的线圈过热，极易烧毁而报废；车辆轴承应保持适当温度，如过热的话，会使润滑油很快变质，最终导致轴承烧毁，车辆损坏。 ​
		</博文><博文独立网址>http://weibo.com/3050954965/F5OJCjUVn?refer_flag=1001030103_</博文独立网址><发布时间>2017-06-01 16:28</发布时间><发布终端>皮皮时光机</发布终端><转发数/><评论数/><点赞数/><EXPORTFLAG/></item><item><博主头像>http://tva3.sinaimg.cn/crop.40.4.114.114.50/6c8b1751jw1ei4b494047j2050052t91.jpg</博主头像><博主id>1821054801</博主id><博主>自降魔</博主><博主主页>http://weibo.com/u/1821054801?refer_flag=1001030103_</博主主页><博文>
		小时候公共场所是不能随地吐痰的，大路口的汽车、自行车都是看红绿灯通行的。//@纯真脆弱蘑小菇:那时候首先想的是集体，所以人的素质都比现在高//@洛阳的老张:那时候的先进比现在的先进强多了//@紫色偶然520: //@赵宇辰V://@无热无尘秋日归来://@良心-医生:转发微博
		</博文><博文独立网址>http://weibo.com/2270636837/F5M5fjvYv?refer_flag=1001030103_</博文独立网址><发布时间>2017-06-01 16:28</发布时间><发布终端>微话题</发布终端><转发数>2</转发数><评论数>1</评论数><点赞数/><EXPORTFLAG/></item><item><博主头像>http://tva2.sinaimg.cn/crop.0.0.1080.1080.50/4aa90c79jw8ek1n04nn0pj20u00u0dh9.jpg</博主头像><博主id>1252592761</博主id><博主>shumixc</博主><博主主页>http://weibo.com/201290506?refer_flag=1001030103_</博主主页><博文>
		我免费围观了 @硬哥 的回答，问题价值 14.90 元，快来一起免费围观~ 网页链接 ​
		</博文><博文独立网址>http://weibo.com/1252592761/F5OJC0ZLu?refer_flag=1001030103_</博文独立网址><发布时间>2017-06-01 16:28</发布时间><发布终端>微博 weibo.com</发布终端><转发数/><评论数/><点赞数/><EXPORTFLAG/></item><item><博主头像>http://tvax2.sinaimg.cn/crop.22.3.378.378.50/7cfa3475ly8feqy5xr0sfj20d20amq2v.jpg</博主头像><博主id>2096772213</博主id><博主>找券网quan233</博主><博主主页>http://weibo.com/u/2096772213?refer_flag=1001030103_</博主主页><博文>
		真皮汽车座套专用四季全包原398，券后198领券拍 ：网页链接|佛山 ​
		</博文><博文独立网址>http://weibo.com/2096772213/F5OJyqP4y?refer_flag=1001030103_</博文独立网址><发布时间>2017-06-01 16:28</发布时间><发布终端>微博 weibo.com</发布终端><转发数/><评论数/><点赞数/><EXPORTFLAG/></item><item><博主头像>http://tvax1.sinaimg.cn/crop.0.0.750.750.50/91354463ly8fe6l1wzcl9j20ku0kudge.jpg</博主头像><博主id>2436187235</博主id><博主>假日烘焙西点培训</博主><博主主页>http://weibo.com/u/2436187235?refer_flag=1001030103_</博主主页><博文>
		第二新作闪亮登场淡奶油淋面小汽车只有你想不到，没有我做不到还有更多造型等着你[勾引]可学可预订哦 |深圳·深圳... 秒拍视频 ​
		</博文><博文独立网址>http://weibo.com/2436187235/F5OJxibWT?refer_flag=1001030103_</博文独立网址><发布时间>2017-06-01 16:28</发布时间><发布终端>iPhone 6s</发布终端><转发数/><评论数/><点赞数/><EXPORTFLAG/></item><item><博主头像>http://tva4.sinaimg.cn/crop.0.0.180.180.50/790a4b23jw1e8qgp5bmzyj2050050aa8.jpg</博主头像><博主id>2030717731</博主id><博主>武汉路边社</博主><博主主页>http://weibo.com/dawuhansudi?refer_flag=1001030103_</博主主页><博文>
		【主人骑车被撞 忠犬护主猛追肇事车】5月24日，江苏张家港市，一女子骑电瓶车通过十字路口时被小轿车刮倒。女子倒地后电瓶车上跳下一只小狗，追上肇事汽车，与司机一起回到女主人身边，所幸女子并无大碍。期间小狗一直围在主人身边。女子说，小狗很忠心，轻易见不得她吃亏。澎湃新闻的... ​
		</博文><博文独立网址>http://weibo.com/2030717731/F5OJuC3xN?refer_flag=1001030103_</博文独立网址><发布时间>2017-06-01 16:28</发布时间><发布终端>微博 weibo.com</发布终端><转发数>4</转发数><评论数>2</评论数><点赞数>9</点赞数><EXPORTFLAG/></item><item><博主头像>http://tva3.sinaimg.cn/crop.0.0.638.638.50/c6eb48e8gw1ejhs7coj3uj20hs0hsju1.jpg</博主头像><博主id>3337308392</博主id><博主>成都食药监</博主><博主主页>http://weibo.com/cdfda02861882880?refer_flag=1001030103_</博主主页><博文>
		#工作动态# 【“六一”新玩法——“助力食安 健康蓉城”成都食安小记者社会实践活动，出发！】由成都市食品药品监督管理局、成都市教育局联合成都肯德基、成都商报·成都儿童团举办的首场“助力食安 健康蓉城”2017年成都食安小记者社会实践活动在肯德基双林汽车穿梭餐厅举行。40名成都食品安全小记者参 ​
			...展开全文c
		</博文><博文独立网址>http://weibo.com/3337308392/F5OJqag8o?refer_flag=1001030103_</博文独立网址><发布时间>2017-06-01 16:28</发布时间><发布终端>搜狗高速浏览器</发布终端><转发数>1</转发数><评论数/><点赞数/><EXPORTFLAG/></item><item><博主头像>http://tva3.sinaimg.cn/crop.0.0.640.640.50/73e03490jw8eajtqku5cwj20hs0hsabg.jpg</博主头像><博主id>1944073360</博主id><博主>中洲汽车音响-威少</博主><博主主页>http://weibo.com/u/1944073360?refer_flag=1001030103_</博主主页><博文>
		又到了礼拜四的时间欢迎大家收听广东广播电视台羊城交通台FM105.2下午3:30-5:00《汽车玩家》节目 |广州·广东... ​
		</博文><博文独立网址>http://weibo.com/1944073360/F5OJeEu5B?refer_flag=1001030103_</博文独立网址><发布时间>2017-06-01 16:27</发布时间><发布终端>iPhone 6s</发布终端><转发数>1</转发数><评论数/><点赞数>1</点赞数><EXPORTFLAG/></item><item><博主头像>http://tva1.sinaimg.cn/crop.0.0.180.180.50/85ac7d02jw1e8qgp5bmzyj2050050aa8.jpg</博主头像><博主id>2242673922</博主id><博主>藕丝莲心</博主><博主主页>http://weibo.com/u/2242673922?refer_flag=1001030103_</博主主页><博文>
		苏菲玛索之后，DS代言人王凯又将开启怎样的新篇章-汽车频道-手机搜狐 |苏菲玛索之...（分享自 @手机搜狐） ​
		</博文><博文独立网址>http://weibo.com/2242673922/F5OJc06PT?refer_flag=1001030103_</博文独立网址><发布时间>2017-06-01 16:27</发布时间><发布终端>手机搜狐</发布终端><转发数/><评论数/><点赞数/><EXPORTFLAG/></item><item><博主头像>http://tva4.sinaimg.cn/crop.0.0.180.180.50/6875c818jw1e7t3ruqgccj2050050aa5.jpg</博主头像><博主id>1752549400</博主id><博主>全景网</博主><博主主页>http://weibo.com/wwwp5wnet?refer_flag=1001030103_</博主主页><博文>
		【港股涨0.58%报25809点，航空股全线上涨】截止收盘，恒生指数涨0.58%，报25809.22点；国企指数涨0.16%；红筹指数跌0.01%。大市成交额846.13亿港元。吉利汽车涨2.79%，领涨蓝筹股。航空股受人民币升值推动，全天领涨。中国国航收涨近8%，南方航空涨5%，东方航空涨近4%，国泰航空涨1.75%。科通芯城复牌 ​
			...展开全文c
		</博文><博文独立网址>http://weibo.com/1752549400/F5OJ5b7aD?refer_flag=1001030103_</博文独立网址><发布时间>2017-06-01 16:27</发布时间><发布终端>搜狗高速浏览器</发布终端><转发数>2</转发数><评论数>3</评论数><点赞数>5</点赞数><EXPORTFLAG/></item><item><博主头像>http://tva1.sinaimg.cn/crop.5.24.229.229.50/dcc5dd7ajw1e7kusq46oij209q07adgw.jpg</博主头像><博主id>3703954810</博主id><博主>成华区建设中路社区</博主><博主主页>http://weibo.com/u/3703954810?refer_flag=1001030103_</博主主页><博文>
		【成都现共享电单车？未上牌照私自骑走或被罚款50元】#连线市州#继共享单车、共享汽车之后，共享电单车也出现在了成都，计费方式为骑行半小时花费2元。不过，当天，共享电单车便被交警叫停。因电单车属于电瓶车，必须上牌照才能上路。如果用户私自骑没有上牌的电单车上路，将被罚款50元。 ​​​
		</博文><博文独立网址>http://weibo.com/3703954810/F5OJ4CnH2?refer_flag=1001030103_</博文独立网址><发布时间>2017-06-01 16:27</发布时间><发布终端>酷派 S6</发布终端><转发数/><评论数/><点赞数/><EXPORTFLAG/></item><item><博主头像>http://tva2.sinaimg.cn/crop.0.0.1080.1080.50/9dad2882jw8eow06x9y1zj20u00u0q6f.jpg</博主头像><博主id>2645371010</博主id><博主>姚嘉儿V</博主><博主主页>http://weibo.com/mark8808?refer_flag=1001030103_</博主主页><博文>
		【太揪心！将这段视频转给更多人！告诉你为什么汽车后座也要系安全带！能救命！】央视新闻的... ​
		</博文><博文独立网址>http://weibo.com/2645371010/F5OIY98ry?refer_flag=1001030103_</博文独立网址><发布时间>2017-06-01 16:26</发布时间><发布终端>小淘会嘉哥iPhone 6s Plus</发布终端><转发数>3</转发数><评论数>1</评论数><点赞数>2</点赞数><EXPORTFLAG/></item><item><博主头像>http://tva4.sinaimg.cn/crop.0.0.319.319.50/006q42MQjw8f28a2qisxoj308v08v74j.jpg</博主头像><博主id>5881945756</博主id><博主>狂野骑士5881945756</博主><博主主页>http://weibo.com/u/5881945756?refer_flag=1001030103_</博主主页><博文>
		//十佳本田四缸机 分享自@汽车之家 |鍗佷匠鏈... ​
		</博文><博文独立网址>http://weibo.com/5881945756/F5OIWift6?refer_flag=1001030103_</博文独立网址><发布时间>2017-06-01 16:26</发布时间><发布终端>汽车之家iPad版</发布终端><转发数/><评论数/><点赞数/><EXPORTFLAG/></item><item><博主头像>http://tva1.sinaimg.cn/crop.0.0.180.180.50/006ieU7Njw1ey7hia87efj30500503yh.jpg</博主头像><博主id>5766323379</博主id><博主>LOL小邪恶</博主><博主主页>http://weibo.com/u/5766323379?refer_flag=1001030103_</博主主页><博文>
		#6.1闪装嘉年华#海马汽车，值得购买的汽车
		</博文><博文独立网址>http://weibo.com/5475405762/F5CNuoYWP?refer_flag=1001030103_</博文独立网址><发布时间>2017-06-01 16:26</发布时间><发布终端>微博 weibo.com</发布终端><转发数/><评论数/><点赞数/><EXPORTFLAG/></item><item><博主头像>http://tva2.sinaimg.cn/crop.0.0.180.180.50/69829474jw1e8qgp5bmzyj2050050aa8.jpg</博主头像><博主id>1770165364</博主id><博主>FM974珠江经济台</博主><博主主页>http://weibo.com/u/1770165364?refer_flag=1001030103_</博主主页><博文>
		【主人骑车被撞 忠犬护主猛追肇事车】24日，苏州张家港一女子骑电瓶车通过十字路口时被小轿车刮倒，女子倒地后电瓶车上跳下一只小狗，追上肇事汽车，与司机一起回到女主人身边，所幸女子并无大碍。女子说，小狗很忠心，轻易见不得她吃亏。（澎湃新闻）澎湃新闻的... ​
		</博文><博文独立网址>http://weibo.com/1770165364/F5OIG4wJ8?refer_flag=1001030103_</博文独立网址><发布时间>2017-06-01 16:26</发布时间><发布终端>微博 weibo.com</发布终端><转发数/><评论数/><点赞数/><EXPORTFLAG/></item></列></item></列表></extraction>