<?xml version="1.0" encoding="UTF-8"?><extraction><clueid>373892854</clueid><fullpath><![CDATA[http://s.weibo.com/weibo/%25E6%25B1%25BD%25E8%25BD%25A6&typeall=1&suball=1&timescope=custom:2016-06-01:2017-06-01-23&page=16]]></fullpath><realpath><![CDATA[http://s.weibo.com/weibo/%25E6%25B1%25BD%25E8%25BD%25A6&typeall=1&suball=1&timescope=custom:2016-06-01:2017-06-01-23&page=16]]></realpath><theme>微博关键词搜索采集</theme><middle>default</middle><createdate>2017-6-1 17:34:46</createdate><pageno>16</pageno><actionno></actionno><actionvalue></actionvalue><prestamp>DSEngine-+-ds_browser_ds_task_xp1-+-1661047209</prestamp><currentstamp>DSEngine-+-ds_browser_ds_task_xp1-+-1661067550</currentstamp><baseURI><bucketBaseURI><bucketName>list</bucketName><uri><![CDATA[http://s.weibo.com/weibo/%25E6%25B1%25BD%25E8%25BD%25A6&typeall=1&suball=1&timescope=custom:2016-06-01:2017-06-01-23&page=16]]></uri></bucketBaseURI></baseURI>
<列表><item><关键字>汽车</关键字><列><item><博主头像>http://tva4.sinaimg.cn/crop.381.117.1345.1345.50/006pBq7Kjw8fa909cc986j31kw14ntrj.jpg</博主头像><博主id>5875123952</博主id><博主>Honlam林</博主><博主主页>http://weibo.com/u/5875123952?refer_flag=1001030103_</博主主页><博文>
		此车一出，回头率100%！经典与现代完美结合！#原创微博# #GTM汽车# 发布了头条文章：《姜还是老的辣，Kaege 复活经典车系保时捷911 ！[GTM汽车原创]》 |姜还是老的... ​
		</博文><博文独立网址>http://weibo.com/5875123952/F5ORBdz9o?refer_flag=1001030103_</博文独立网址><发布时间>2017-06-01 16:48</发布时间><发布终端>微博 weibo.com</发布终端><转发数/><评论数/><点赞数>3</点赞数><EXPORTFLAG/></item><item><博主头像>http://tva2.sinaimg.cn/crop.3.0.454.454.50/77129dc4jw8fcb2vmy0brj20cq0cm75f.jpg</博主头像><博主id>1997708740</博主id><博主>汽车我读</博主><博主主页>http://weibo.com/u/1997708740?refer_flag=1001030103_</博主主页><博文>
		【宝马授权新晨动力N20发动机正式装配投产】2014年6月26日，德国宝马集团授权绵阳新晨动力机械有限公司生产N20发动机投产仪式在绵阳隆重举行。华晨集团祁玉民董事长表示：获得了宝马授权的2.0T发动机生产技术，实现了30年来中国汽车产业“市场换技术”的夙愿。 ​
		</博文><博文独立网址>http://weibo.com/1997708740/F5ORyzzXG?refer_flag=1001030103_</博文独立网址><发布时间>2017-06-01 16:48</发布时间><发布终端>皮皮时光机</发布终端><转发数/><评论数/><点赞数/><EXPORTFLAG/></item><item><博主头像>http://tvax3.sinaimg.cn/crop.0.0.996.996.50/67213ec2ly8febwribxc9j20ro0roq62.jpg</博主头像><博主id>1730232002</博主id><博主>怀府刀客</博主><博主主页>http://weibo.com/hfdk77?refer_flag=1001030103_</博主主页><博文>
		就这还查看了我家那座小楼和汽车价值
		</博文><博文独立网址>http://weibo.com/1730232002/F5OLqikdc?refer_flag=1001030103_</博文独立网址><发布时间>2017-06-01 16:48</发布时间><发布终端/><转发数/><评论数/><点赞数>1</点赞数><EXPORTFLAG/></item><item><博主头像>http://tva2.sinaimg.cn/crop.0.25.1242.1242.50/73698c98jw8f70lpgrqatj20yi0zx77m.jpg</博主头像><博主id>1936297112</博主id><博主>该昵称好像不存在</博主><博主主页>http://weibo.com/u/1936297112?refer_flag=1001030103_</博主主页><博文>
		@乖乖牌的小窝 @cherson723 好勇敢的挡在汽车前面！
		</博文><博文独立网址>http://weibo.com/2803301701/F5OwCdS08?refer_flag=1001030103_</博文独立网址><发布时间>2017-06-01 16:48</发布时间><发布终端>微博 weibo.com</发布终端><转发数/><评论数/><点赞数/><EXPORTFLAG/></item><item><博主头像>http://tva1.sinaimg.cn/crop.0.0.640.640.50/632c4474jw8eidush94u1j20hs0hs74e.jpg</博主头像><博主id>1663845492</博主id><博主>Queen_of_nerds</博主><博主主页>http://weibo.com/u/1663845492?refer_flag=1001030103_</博主主页><博文>
		四五个小学生在公共汽车上大声喧哗 ​
		</博文><博文独立网址>http://weibo.com/1663845492/F5ORqhVlp?refer_flag=1001030103_</博文独立网址><发布时间>2017-06-01 16:47</发布时间><发布终端>iPhone 7 Plus</发布终端><转发数/><评论数>1</评论数><点赞数/><EXPORTFLAG/></item><item><博主头像>http://tvax1.sinaimg.cn/crop.9.0.493.493.50/6d38428bly8ffge0yrza6j20e80dpabc.jpg</博主头像><博主id>1832403595</博主id><博主>疯叔左手上的猪</博主><博主主页>http://weibo.com/517584596?refer_flag=1001030103_</博主主页><博文>
		自从1959年，日本人发明了用聚丙烯腈制造碳纤维的方法，碳纤维便逐渐以“新材料宠儿”的身份开始大放异彩，并从最开始的国防军工领域逐渐走进了民用市场。目前，全球市场上航天、风电、汽车、运动器材等领域对于碳纤维的需求量逐渐增长。中国碳纤维行业起步于1962年，经过半个多世纪的努力探索，但仍在 ​
			...展开全文c
		</博文><博文独立网址>http://weibo.com/1832403595/F5ORpaazd?refer_flag=1001030103_</博文独立网址><发布时间>2017-06-01 16:47</发布时间><发布终端>搜狗高速浏览器</发布终端><转发数/><评论数/><点赞数>1</点赞数><EXPORTFLAG/></item><item><博主头像>http://tva4.sinaimg.cn/crop.0.0.359.359.50/a24e8536jw1ehjeq6cwrtj20a00a0q39.jpg</博主头像><博主id>2723054902</博主id><博主>电车汇</博主><博主主页>http://weibo.com/evhui?refer_flag=1001030103_</博主主页><博文>
		#政策快报#【促进汽车租赁业相关政策公开征求意见 鼓励分时租赁】据交通部网站消息，今日，由交通运输部会同住房和城乡建设部制定的《关于促进汽车租赁业健康发展的指导意见(征求意见稿)》(以下简称《征求意见稿》)向社会公开征求意见，为期两周。《征求意见稿》主要包括夯实安全管理基础、鼓励分时租 ​
			...展开全文c
		</博文><博文独立网址>http://weibo.com/2723054902/F5ORmr6Mw?refer_flag=1001030103_</博文独立网址><发布时间>2017-06-01 16:47</发布时间><发布终端>微博 weibo.com</发布终端><转发数/><评论数/><点赞数/><EXPORTFLAG/></item><item><博主头像>http://tva3.sinaimg.cn/crop.0.0.180.180.50/cf73f17bjw1e8qgp5bmzyj2050050aa8.jpg</博主头像><博主id>3480482171</博主id><博主>北京朝阳望京健康教育</博主><博主主页>http://weibo.com/u/3480482171?refer_flag=1001030103_</博主主页><博文>
		5.31，世界无烟日----家庭无烟：汽车版 ​
		</博文><博文独立网址>http://weibo.com/3480482171/F5ORm9tex?refer_flag=1001030103_</博文独立网址><发布时间>2017-06-01 16:47</发布时间><发布终端>360安全浏览器</发布终端><转发数/><评论数/><点赞数/><EXPORTFLAG/></item><item><博主头像>http://tva1.sinaimg.cn/crop.0.0.512.512.50/006jJUiujw8favvo2gc8pj30e80e8jsb.jpg</博主头像><博主id>5788488546</博主id><博主>吴坚9618</博主><博主主页>http://weibo.com/u/5788488546?refer_flag=1001030103_</博主主页><博文>
		一起来看 大美DJ•汽车音乐 的快手视频大美DJ•汽车音乐 ！ 快手爆红！... ​
		</博文><博文独立网址>http://weibo.com/5788488546/F5ORlfGim?refer_flag=1001030103_</博文独立网址><发布时间>2017-06-01 16:47</发布时间><发布终端>快手</发布终端><转发数/><评论数/><点赞数/><EXPORTFLAG/></item><item><博主头像>http://tva4.sinaimg.cn/crop.0.0.750.750.50/006ztZjvjw8fa0v6tc3euj30ku0kujsf.jpg</博主头像><博主id>6021115957</博主id><博主>蓝小酱</博主><博主主页>http://weibo.com/u/6021115957?refer_flag=1001030103_</博主主页><博文>
		#汽车# 平安符水晶葫芦车内饰品【8.8】网页链接  |北京·积水... ​
		</博文><博文独立网址>http://weibo.com/6021115957/F5ORc7Rf3?refer_flag=1001030103_</博文独立网址><发布时间>2017-06-01 16:47</发布时间><发布终端>微博 weibo.com</发布终端><转发数/><评论数/><点赞数/><EXPORTFLAG/></item><item><博主头像>http://tva4.sinaimg.cn/crop.0.0.179.179.50/005xJrwGgw1eh4m6sa0czj30500500sv.jpg</博主头像><博主id>5079113822</博主id><博主>福建检察</博主><博主主页>http://weibo.com/fjsrmjcy?refer_flag=1001030103_</博主主页><博文>
		#福建检讯# 【泉州丰泽：检察官阿姨与警察叔叔送来节日祝福】‘‘过马路要注意观看红绿灯、乘坐汽车要坐在安全座椅上……”六一节，丰泽区检察院联合丰泽交警大队到丰泽机关幼儿园、云谷幼儿园开展以《交通安全我知道》为主题的交通安全主题教育宣传活动，送去安全与欢乐。↓↓↓ ​
		</博文><博文独立网址>http://weibo.com/5079113822/F5OR8zAkV?refer_flag=1001030103_</博文独立网址><发布时间>2017-06-01 16:47</发布时间><发布终端>微博 weibo.com</发布终端><转发数/><评论数/><点赞数>1</点赞数><EXPORTFLAG/></item><item><博主头像>http://tva3.sinaimg.cn/crop.220.0.558.558.50/e94a30d0tw1egn30whpgyj20rs0fnn6p.jpg</博主头像><博主id>3913953488</博主id><博主>济南众骋哈弗旗舰店</博主><博主主页>http://weibo.com/u/3913953488?refer_flag=1001030103_</博主主页><博文>
		发布了头条文章：《这个夏不会热：红标运动版冰点优惠1万6》济南众骋：053188819888@易车网 @哈弗SUV @全民GO车 @ @微博汽车 |这个夏不会... ​
		</博文><博文独立网址>http://weibo.com/3913953488/F5OR6t0Ba?refer_flag=1001030103_</博文独立网址><发布时间>2017-06-01 16:46</发布时间><发布终端>微博 weibo.com</发布终端><转发数/><评论数/><点赞数/><EXPORTFLAG/></item><item><博主头像>http://tva4.sinaimg.cn/crop.0.0.359.359.50/a24e8536jw1ehjeq6cwrtj20a00a0q39.jpg</博主头像><博主id>2723054902</博主id><博主>电车汇</博主><博主主页>http://weibo.com/evhui?refer_flag=1001030103_</博主主页><博文>
		【加拿大制定电动汽车激励计划】随着雪佛兰Volt的销量一路领先，电动汽车在加拿大的销量持续增长。上周，政府宣布了一项全面的计划，“到2018年，增加加拿大零排放车辆（ZEV）的数量”。由于交通部门对加拿大产生的碳排放负有将近四分之一的责任，因此需要将尽可能多的车辆转移到插电式电动汽车或氢动 ​
			...展开全文c
		</博文><博文独立网址>http://weibo.com/2723054902/F5OR3hiHW?refer_flag=1001030103_</博文独立网址><发布时间>2017-06-01 16:46</发布时间><发布终端>微博 weibo.com</发布终端><转发数/><评论数/><点赞数>1</点赞数><EXPORTFLAG/></item><item><博主头像>http://tva2.sinaimg.cn/crop.0.0.180.180.50/62eac557jw1e8qgp5bmzyj2050050aa8.jpg</博主头像><博主id>1659553111</博主id><博主>通用汽车中国</博主><博主主页>http://weibo.com/gmchina?refer_flag=1001030103_</博主主页><博文>
		#儿童节# 守护，是最好的儿童节礼物。通用汽车中国与@全球儿童安全组织 已连续四年在华开展“安全童乘”公益项目。四年来，通用汽车在华员工志愿者们为“安全童乘”公益项目的服务时间累计近2500小时。入校入园宣传活动和教师培训走进全国各地1800多所幼儿园，惠及超过12万名儿童和他们的家庭。通用汽 ​
			...展开全文c
		</博文><博文独立网址>http://weibo.com/1659553111/F5OQX3LO3?refer_flag=1001030103_</博文独立网址><发布时间>2017-06-01 16:46</发布时间><发布终端>微博 weibo.com</发布终端><转发数/><评论数/><点赞数>1</点赞数><EXPORTFLAG/></item><item><博主头像>http://tva2.sinaimg.cn/crop.0.0.179.179.50/62193074tw1edxxcvmgt5j205005074j.jpg</博主头像><博主id>1645817972</博主id><博主>汽车中国</博主><博主主页>http://weibo.com/carschina2?refer_flag=1001030103_</博主主页><博文>
		【斑马线礼让行人反惹祸？ 后车司机嫌慢殴打谩骂前车】5月30日，石家庄裕华路，一车辆在斑马线礼让行人，后面的奥迪车主心生不满，将前车别停，下车抽打前车司机头、脸部，并叫骂“我抽死你，你不加油是吧，你是不是想死……” 今日下午，有媒体记者从交管部门获悉，该男子乘飞机前，在登机口被警方抓 ​
			...展开全文c
		</博文><博文独立网址>http://weibo.com/1645817972/F5OQU8sQ7?refer_flag=1001030103_</博文独立网址><发布时间>2017-06-01 16:46</发布时间><发布终端>秒拍网页版</发布终端><转发数>2</转发数><评论数>9</评论数><点赞数>4</点赞数><EXPORTFLAG/></item><item><博主头像>http://tva1.sinaimg.cn/crop.0.0.1300.1300.50/7662e6f4jw8f8j3e891awj2104104gpo.jpg</博主头像><博主id>1986193140</博主id><博主>汽车早报</博主><博主主页>http://weibo.com/u/1986193140?refer_flag=1001030103_</博主主页><博文>
		#汽车早报# 身为新手的朋友可能就有点懵懵懂懂了，什么叫让速不让道呢?什么情形下要让速不让道呢?为什么要让速不让道呢?针对这一连串的问题，小编就详细的说说这所谓的让速不让道，希望对广大车主行车有帮助。 |老司机都坚... ​
		</博文><博文独立网址>http://weibo.com/1986193140/F5OQU5oMF?refer_flag=1001030103_</博文独立网址><发布时间>2017-06-01 16:46</发布时间><发布终端>微博 weibo.com</发布终端><转发数>2</转发数><评论数/><点赞数>5</点赞数><EXPORTFLAG/></item><item><博主头像>http://tva4.sinaimg.cn/crop.0.0.179.179.50/d9fb94fejw8fac9lr7k8hj204z04z74n.jpg</博主头像><博主id>3657143550</博主id><博主>海口身边事</博主><博主主页>http://weibo.com/u/3657143550?refer_flag=1001030103_</博主主页><博文>
		#海口身边事# 【海口市民花57万元买奔驰轿车 开不到500公里就爆胎】近日，海口市民翁先生一次性付款57万元在海口海南联合皇冠汽车服务有限公司购买了一台奔驰E200轿车。在车辆行驶还不到500公里的时候，车胎爆了。事情发生后，翁先生拿着三包凭证到4S店要求免费更换轮胎，但是被告知首先要将轮胎送回厂 ​
			...展开全文c
		</博文><博文独立网址>http://weibo.com/3657143550/F5OQS0ngy?refer_flag=1001030103_</博文独立网址><发布时间>2017-06-01 16:46</发布时间><发布终端>微博 weibo.com</发布终端><转发数/><评论数>1</评论数><点赞数/><EXPORTFLAG/></item><item><博主头像>http://tva4.sinaimg.cn/crop.0.0.359.359.50/a24e8536jw1ehjeq6cwrtj20a00a0q39.jpg</博主头像><博主id>2723054902</博主id><博主>电车汇</博主><博主主页>http://weibo.com/evhui?refer_flag=1001030103_</博主主页><博文>
		【特斯拉Model X创始人车型又事故中撞上石墙】月初，几辆少见的特斯拉Roadster和一辆初版的T zero在一场火灾中被毁，让特斯拉本来就罕见的早期车型存世量再次降低，而最近，一辆特斯拉Model X创始人车型又在事故中撞上石墙，成为特斯拉乃至电动汽车历史上的又一大损失。 网页链接 ​
		</博文><博文独立网址>http://weibo.com/2723054902/F5OQLgWwA?refer_flag=1001030103_</博文独立网址><发布时间>2017-06-01 16:46</发布时间><发布终端>微博 weibo.com</发布终端><转发数>1</转发数><评论数>1</评论数><点赞数/><EXPORTFLAG/></item><item><博主头像>http://tva1.sinaimg.cn/crop.1.3.116.116.50/98df36adjw1ezxpzkb0rpj203c03c74a.jpg</博主头像><博主id>2564765357</博主id><博主>银川交警秩序科</博主><博主主页>http://weibo.com/u/2564765357?refer_flag=1001030103_</博主主页><博文>
		【怎样开车最省油】1、按照汽车保养和维修手册上推荐的方法做;2、让胎压保持适当的水平;3、给你的车辆减负;4、不要开车太猛;5、尽量挂高挡;6、高速使用定速巡航;7、让你的车辆保持清洁;8、避免让车长时间怠速;9、加油不要加太满;10、水温上来后再加速。 ​​​​
		</博文><博文独立网址>http://weibo.com/2564765357/F5OQLcO28?refer_flag=1001030103_</博文独立网址><发布时间>2017-06-01 16:46</发布时间><发布终端>360安全浏览器</发布终端><转发数/><评论数/><点赞数/><EXPORTFLAG/></item></列></item></列表></extraction>