<?xml version="1.0" encoding="UTF-8"?><extraction><clueid>373892854</clueid><fullpath><![CDATA[http://s.weibo.com/weibo/%25E6%25B1%25BD%25E8%25BD%25A6&typeall=1&suball=1&timescope=custom:2016-06-01:2017-06-01-23&page=31]]></fullpath><realpath><![CDATA[http://s.weibo.com/weibo/%25E6%25B1%25BD%25E8%25BD%25A6&typeall=1&suball=1&timescope=custom:2016-06-01:2017-06-01-23&page=31]]></realpath><theme>微博关键词搜索采集</theme><middle>default</middle><createdate>2017-6-1 17:39:40</createdate><pageno>31</pageno><actionno></actionno><actionvalue></actionvalue><prestamp>DSEngine-+-ds_browser_ds_task_xp1-+-1661342939</prestamp><currentstamp>DSEngine-+-ds_browser_ds_task_xp1-+-1661361875</currentstamp><baseURI><bucketBaseURI><bucketName>list</bucketName><uri><![CDATA[http://s.weibo.com/weibo/%25E6%25B1%25BD%25E8%25BD%25A6&typeall=1&suball=1&timescope=custom:2016-06-01:2017-06-01-23&page=31]]></uri></bucketBaseURI></baseURI>
<列表><item><关键字>汽车</关键字><列><item><博主头像>http://tva4.sinaimg.cn/crop.0.0.180.180.50/c7414c54jw1e8qgp5bmzyj2050050aa8.jpg</博主头像><博主id>3342945364</博主id><博主>德创咨询</博主><博主主页>http://weibo.com/u/3342945364?refer_flag=1001030103_</博主主页><博文>
		发表了博文《中国汽车融资租赁公司大全（截至2016年底）》中国汽车融资租赁公司大全（截至2016年底）（来源：“kk汽车金融行业研究）中国汽车融资租赁公司简介2010年以前（5个）1、安吉租赁有限公司|中国汽车融... ​
		</博文><博文独立网址>http://weibo.com/3342945364/F5OAWso2G?refer_flag=1001030103_</博文独立网址><发布时间>2017-06-01 16:07</发布时间><发布终端>新浪博客</发布终端><转发数/><评论数/><点赞数/><EXPORTFLAG/></item><item><博主头像>http://tva3.sinaimg.cn/crop.0.0.720.720.50/4115c149jw8ewspss2251j20k00k0wfq.jpg</博主头像><博主id>1091944777</博主id><博主>杨光民</博主><博主主页>http://weibo.com/jnygm?refer_flag=1001030103_</博主主页><博文>
		汽车修好了，感谢同弘汽修刘蔷刘总:131-7678-6662。 ​
		</博文><博文独立网址>http://weibo.com/1091944777/F5OAWeEHU?refer_flag=1001030103_</博文独立网址><发布时间>2017-06-01 16:07</发布时间><发布终端>乐1s</发布终端><转发数/><评论数/><点赞数/><EXPORTFLAG/></item><item><博主头像>http://tva4.sinaimg.cn/crop.0.0.1080.1080.50/a64dea91jw8epdptzpszgj20u00u00w1.jpg</博主头像><博主id>2790124177</博主id><博主>imcocoyu</博主><博主主页>http://weibo.com/u/2790124177?refer_flag=1001030103_</博主主页><博文>
		『提车注意事项 第一次买车必看的5招提车流程-汽车频道-手机搜狐』|提车注意事... ​
		</博文><博文独立网址>http://weibo.com/2790124177/F5OAU6iIH?refer_flag=1001030103_</博文独立网址><发布时间>2017-06-01 16:07</发布时间><发布终端>三星Galaxy NOTE III</发布终端><转发数/><评论数/><点赞数>1</点赞数><EXPORTFLAG/></item><item><博主头像>http://tva4.sinaimg.cn/crop.232.134.1373.1373.50/674876fdjw8envfij2giyj21el1c8jzd.jpg</博主头像><博主id>1732802301</博主id><博主>河南交通广播</博主><博主主页>http://weibo.com/fm1041?refer_flag=1001030103_</博主主页><博文>
		【主人骑车被撞 忠犬护主猛追肇事车】5月24日，江苏张家港市，一女子骑电瓶车通过十字路口时被小轿车刮倒。女子倒地后电瓶车上跳下一只小狗，追上肇事汽车，与司机一起回到女主人身边，所幸女子并无大碍。期间小狗一直围在主人身边。女子说，小狗很忠心，轻易见不得她吃亏。澎湃新闻的... ​
		</博文><博文独立网址>http://weibo.com/1732802301/F5OAN1GiL?refer_flag=1001030103_</博文独立网址><发布时间>2017-06-01 16:06</发布时间><发布终端>360安全浏览器</发布终端><转发数>8</转发数><评论数>4</评论数><点赞数>16</点赞数><EXPORTFLAG/></item><item><博主头像>http://tva1.sinaimg.cn/crop.0.0.179.179.50/005zNcZWtw1effzcqubjwj30500503yq.jpg</博主头像><博主id>5109563960</博主id><博主>桐柏交警宣传</博主><博主主页>http://weibo.com/tbjjdd?refer_flag=1001030103_</博主主页><博文>
		【汽车紧急遇险应对方法】在高速行驶中，汽车发生爆胎是非常危险的......那么，在行驶途中遇到紧急情况应该怎样来应对呢？ ​​​​
		</博文><博文独立网址>http://weibo.com/5109563960/F5OAN3eVa?refer_flag=1001030103_</博文独立网址><发布时间>2017-06-01 16:06</发布时间><发布终端>360安全浏览器</发布终端><转发数>1</转发数><评论数/><点赞数/><EXPORTFLAG/></item><item><博主头像>http://tva4.sinaimg.cn/crop.0.0.180.180.50/7eb2a28bjw1e8qgp5bmzyj2050050aa8.jpg</博主头像><博主id>2125636235</博主id><博主>方得网find800</博主><博主主页>http://weibo.com/find800cn?refer_flag=1001030103_</博主主页><博文>
		【百度与大陆集团签协议 联合开发自动驾驶及智能网联汽车】最新报道，大陆集团周三与百度签署战略合作协议，双方将共同开发自动驾驶和智能互联汽车。 网页链接 ​
		</博文><博文独立网址>http://weibo.com/2125636235/F5OAEbPqH?refer_flag=1001030103_</博文独立网址><发布时间>2017-06-01 16:06</发布时间><发布终端>百度分享</发布终端><转发数/><评论数/><点赞数/><EXPORTFLAG/></item><item><博主头像>http://tva2.sinaimg.cn/crop.51.6.109.109.50/ddbca095gw1e7rtd3dei5j205303rdg3.jpg</博主头像><博主id>3720126613</博主id><博主>法制新津</博主><博主主页>http://weibo.com/u/3720126613?refer_flag=1001030103_</博主主页><博文>
		【“共享汽车”将出新规：要求实名制 鼓励规范有序发展】“共享汽车”将出新规。6月1日，由中国交通运输部会同住房和城乡建设部制定的《关于促进汽车租赁业健康发展的指导意见(征求意见稿)》向社会公开征求意见，为期两周。其中，对汽车“达标”项目、承租人实名制等提出明确要求。|“共享汽车”... ​
		</博文><博文独立网址>http://weibo.com/3720126613/F5OADAaS8?refer_flag=1001030103_</博文独立网址><发布时间>2017-06-01 16:06</发布时间><发布终端>360安全浏览器</发布终端><转发数/><评论数/><点赞数/><EXPORTFLAG/></item><item><博主头像>http://tvax1.sinaimg.cn/crop.188.0.355.355.50/8c51fc8bly8ffm080bsjaj20hs0hs74r.jpg</博主头像><博主id>2354183307</博主id><博主>F房金柱</博主><博主主页>http://weibo.com/1111fangjinzhu?refer_flag=1001030103_</博主主页><博文>
		发表了博文《堪比F1的鸿日S1系列，品牌赞不赞，经销商说了算！》近年来，汽车行业的最热门话题莫过于新能源汽车，其担负着中国汽车工业发展的期望与国家节能环保的战略重任，全国众多知名品牌纷纷发力新能源汽车|堪比F1的鸿... ​
		</博文><博文独立网址>http://weibo.com/2354183307/F5OAvAGJP?refer_flag=1001030103_</博文独立网址><发布时间>2017-06-01 16:06</发布时间><发布终端>新浪博客</发布终端><转发数/><评论数/><点赞数/><EXPORTFLAG/></item><item><博主头像>http://tva4.sinaimg.cn/crop.18.0.1641.1641.50/7311cb40jw8f3idxxod0ej21a41a4te8.jpg</博主头像><博主id>1930545984</博主id><博主>好车之家</博主><博主主页>http://weibo.com/u/1930545984?refer_flag=1001030103_</博主主页><博文>
		【雨天汽车保养维护小常识】勤开空调。在室内防潮方面，开冷气是最好的方法，即使天气凉，只要设定温度，一并开启冷气并不会减少暖气的效果，反而可增加除湿功能。一遇天气放晴，将车子停在太阳下接受日晒，打开四门车窗，让室内空气对流一番，被晒热的车身会很快地排除内部淤积的水汽。 ​
		</博文><博文独立网址>http://weibo.com/1930545984/F5OAvk6uc?refer_flag=1001030103_</博文独立网址><发布时间>2017-06-01 16:06</发布时间><发布终端>皮皮时光机</发布终端><转发数/><评论数/><点赞数/><EXPORTFLAG/></item><item><博主头像>http://tvax2.sinaimg.cn/crop.0.8.495.495.50/ec2fa588ly8fg4i5q0uyej20dr0e8jsa.jpg</博主头像><博主id>3962545544</博主id><博主>关木彤angel</博主><博主主页>http://weibo.com/u/3962545544?refer_flag=1001030103_</博主主页><博文>
		#小大人的天真话# 晚上哄女儿睡觉总是很费劲，只好来点小窍门——和女儿比赛谁先睡着。大约半小时过去了，看女儿那边没有动静，我一阵暗喜，刚要起身下床，就听女儿大喊：“妈妈，我先睡着了，我第一！妈妈没睡！好玩，再来一次！”@海马汽车官方微博 @小丸子爱奔跑 @童颜童语angel @小鱼鱼摇摇 网页链接
		</博文><博文独立网址>http://weibo.com/1782430373/F5cTuuYTe?refer_flag=1001030103_</博文独立网址><发布时间>2017-06-01 16:06</发布时间><发布终端>Android客户端</发布终端><转发数/><评论数/><点赞数/><EXPORTFLAG/></item><item><博主头像>http://tva3.sinaimg.cn/crop.0.0.996.996.50/006nBKqxjw8fcp9j9q4ebj30ro0ro41i.jpg</博主头像><博主id>5845649325</博主id><博主>温金浩23</博主><博主主页>http://weibo.com/u/5845649325?refer_flag=1001030103_</博主主页><博文>
		我免费围观了 @胖哥杨力 的回答，问题价值 99.00 元，快来一起免费围观~ 网页链接 ​
		</博文><博文独立网址>http://weibo.com/5845649325/F5OAv1p1m?refer_flag=1001030103_</博文独立网址><发布时间>2017-06-01 16:06</发布时间><发布终端>微博 weibo.com</发布终端><转发数/><评论数/><点赞数/><EXPORTFLAG/></item><item><博主头像>http://tva1.sinaimg.cn/crop.0.0.1424.1424.50/56437af2jw8f8qcnsmnguj213k13kdhk.jpg</博主头像><博主id>1447262962</博主id><博主>lyu16</博主><博主主页>http://weibo.com/u/1447262962?refer_flag=1001030103_</博主主页><博文>
		我免费围观了 @硬哥 的回答，问题价值 14.90 元，快来一起免费围观~ 网页链接 ​
		</博文><博文独立网址>http://weibo.com/1447262962/F5OAqiaxC?refer_flag=1001030103_</博文独立网址><发布时间>2017-06-01 16:05</发布时间><发布终端>微博 weibo.com</发布终端><转发数/><评论数/><点赞数/><EXPORTFLAG/></item><item><博主头像>http://tva4.sinaimg.cn/crop.0.0.180.180.50/ad531c8bgw1f7aqb80jgdj2051050aa3.jpg</博主头像><博主id>2907905163</博主id><博主>C-21小凯</博主><博主主页>http://weibo.com/u/2907905163?refer_flag=1001030103_</博主主页><博文>
		#童年的味道#可以和蒂桊筐汽车人总动员一起滚出身体力行的教孩子做人的基础，让孩子拥有好品质银河系了谢谢 ​
		</博文><博文独立网址>http://weibo.com/2907905163/F5OAq2Dey?refer_flag=1001030103_</博文独立网址><发布时间>2017-06-01 16:05</发布时间><发布终端>红米2A</发布终端><转发数/><评论数/><点赞数/><EXPORTFLAG/></item><item><博主头像>http://tva2.sinaimg.cn/crop.0.0.640.640.50/c4ae8f20jw8emgb7o7vi3j20hs0hs408.jpg</博主头像><博主id>3299774240</博主id><博主>澈溪琉</博主><博主主页>http://weibo.com/231752025?refer_flag=1001030103_</博主主页><博文>
		#童年的味道#继汽车人后某局的联畅玩动画产业保护政父母真的会影响孩子很多的！策的又一大胜利 ​
		</博文><博文独立网址>http://weibo.com/3299774240/F5OAp8jI7?refer_flag=1001030103_</博文独立网址><发布时间>2017-06-01 16:05</发布时间><发布终端>小米Max</发布终端><转发数/><评论数/><点赞数/><EXPORTFLAG/></item><item><博主头像>http://tva4.sinaimg.cn/crop.2.0.738.738.50/aea6de55jw1emg9fzurlhj20ku0ku75w.jpg</博主头像><博主id>2930171477</博主id><博主>辉匠-汽车专业镀晶</博主><博主主页>http://weibo.com/kishocorp?refer_flag=1001030103_</博主主页><博文>
		恭喜西藏拉萨市：朗奥汽车生活馆成立辉匠镀晶工厂直供店，辉匠镀晶工厂直供店是汽车美容店发展新趋势，我们一直在努力，辉匠镀晶原装进口，自主研发，2017年面对经济新常态，把最好的品质贡献给终端，实现厂家直供，做镀晶，没有人比我们更专业——日本辉匠 ​
		</博文><博文独立网址>http://weibo.com/2930171477/F5OAocxtf?refer_flag=1001030103_</博文独立网址><发布时间>2017-06-01 16:05</发布时间><发布终端>专业版微博</发布终端><转发数/><评论数/><点赞数>1</点赞数><EXPORTFLAG/></item><item><博主头像>http://tva2.sinaimg.cn/crop.0.0.180.180.50/4b6307bbjw1e8qgp5bmzyj2050050aa8.jpg</博主头像><博主id>1264781243</博主id><博主>北京京科肝病肝泰医院</博主><博主主页>http://weibo.com/u/1264781243?refer_flag=1001030103_</博主主页><博文>
		#童年的味道#父母就是可以和汽车人总[酷库熊哈欠]霜枷肷动员一起滚出银河系了谢谢孩子最好的老师。 ​
		</博文><博文独立网址>http://weibo.com/1264781243/F5OAnmHLy?refer_flag=1001030103_</博文独立网址><发布时间>2017-06-01 16:05</发布时间><发布终端>红米Note</发布终端><转发数/><评论数/><点赞数/><EXPORTFLAG/></item><item><博主头像>http://tva1.sinaimg.cn/crop.0.0.180.180.50/7fb000c1jw1e8qgp5bmzyj2050050aa8.jpg</博主头像><博主id>2142240961</博主id><博主>厦门起鸿官方微博</博主><博主主页>http://weibo.com/xmqh?refer_flag=1001030103_</博主主页><博文>
		#童年的味道#继汽车人后某局的动画产业保护政策的又一父母就是孩子学习的标裰经胪准大胜利 ​
		</博文><博文独立网址>http://weibo.com/2142240961/F5OAn53QM?refer_flag=1001030103_</博文独立网址><发布时间>2017-06-01 16:05</发布时间><发布终端>红米Note</发布终端><转发数/><评论数/><点赞数/><EXPORTFLAG/></item><item><博主头像>http://tva1.sinaimg.cn/crop.0.0.180.180.50/6b31a745jw1e8qgp5bmzyj2050050aa8.jpg</博主头像><博主id>1798416197</博主id><博主>湖南万通汽修学校微博</博主><博主主页>http://weibo.com/hnwtqx?refer_flag=1001030103_</博主主页><博文>
		发表了博文《干货丨汽车轮胎为什么不是彩色的？》宝宝们，每天看到无数的汽车都在路上跑，有没有想过为什么汽车轮胎都是黑色的，而不是五颜六色的，今天大万就带大家来解惑~其实汽车轮胎并不是一开始就是黑色的，第|干货丨汽车... ​
		</博文><博文独立网址>http://weibo.com/1798416197/F5OAguRWa?refer_flag=1001030103_</博文独立网址><发布时间>2017-06-01 16:05</发布时间><发布终端>新浪博客</发布终端><转发数/><评论数/><点赞数/><EXPORTFLAG/></item><item><博主头像>http://tva3.sinaimg.cn/crop.63.51.227.227.50/006aVFvJjw8eub9kfspw0j30be0bemxp.jpg</博主头像><博主id>5658304619</博主id><博主>嘉兴网警巡查执法</博主><博主主页>http://weibo.com/u/5658304619?refer_flag=1001030103_</博主主页><博文>
		发布了头条文章：《注意！夏季怎样预防汽车爆胎？》 |注意！夏季... ​
		</博文><博文独立网址>http://weibo.com/5658304619/F5OAesabz?refer_flag=1001030103_</博文独立网址><发布时间>2017-06-01 16:05</发布时间><发布终端>微博 weibo.com</发布终端><转发数/><评论数/><点赞数/><EXPORTFLAG/></item><item><博主头像>http://tva4.sinaimg.cn/crop.0.0.180.180.50/9bac1293jw1e8qgp5bmzyj2050050aa8.jpg</博主头像><博主id>2611745427</博主id><博主>兰州榆中公安</博主><博主主页>http://weibo.com/yuzhonggonganju?refer_flag=1001030103_</博主主页><博文>
		【汽车坐垫务必固定好】许多车主都喜欢在汽车座椅上多加一个坐套或是坐垫。他们认为这样可以防止将原车座椅弄脏。殊不知或会因此付出代价。汽车专业人士建议，在加多坐套或坐垫时，一定要买能与原座椅互相捆绑的，因为一些移动的坐垫存在着安全隐患。 ​
		</博文><博文独立网址>http://weibo.com/2611745427/F5OAajf42?refer_flag=1001030103_</博文独立网址><发布时间>2017-06-01 16:05</发布时间><发布终端>360安全浏览器</发布终端><转发数/><评论数/><点赞数/><EXPORTFLAG/></item></列></item></列表></extraction>