<?xml version="1.0" encoding="UTF-8"?><extraction><clueid>373892854</clueid><fullpath><![CDATA[http://s.weibo.com/weibo/%25E6%25B1%25BD%25E8%25BD%25A6&typeall=1&suball=1&timescope=custom:2016-06-01:2017-06-01-23&page=46]]></fullpath><realpath><![CDATA[http://s.weibo.com/weibo/%25E6%25B1%25BD%25E8%25BD%25A6&typeall=1&suball=1&timescope=custom:2016-06-01:2017-06-01-23&page=46]]></realpath><theme>微博关键词搜索采集</theme><middle>default</middle><createdate>2017-6-1 17:44:37</createdate><pageno>46</pageno><actionno></actionno><actionvalue></actionvalue><prestamp>DSEngine-+-ds_browser_ds_task_xp1-+-1661639446</prestamp><currentstamp>DSEngine-+-ds_browser_ds_task_xp1-+-1661658830</currentstamp><baseURI><bucketBaseURI><bucketName>list</bucketName><uri><![CDATA[http://s.weibo.com/weibo/%25E6%25B1%25BD%25E8%25BD%25A6&typeall=1&suball=1&timescope=custom:2016-06-01:2017-06-01-23&page=46]]></uri></bucketBaseURI></baseURI>
<列表><item><关键字>汽车</关键字><列><item><博主头像>http://tvax2.sinaimg.cn/default/images/default_avatar_male_50.gif</博主头像><博主id>6161362085</博主id><博主>zqlsdjn</博主><博主主页>http://weibo.com/u/6161362085?refer_flag=1001030103_</博主主页><博文>
		发表了博文《山东华瑞源二手车公司是地地道道的大骗子》2016年9月在华瑞源二手车公司购买的别克凯越汽车，销售人员说，该车是2013年车，莫有任何事故，我们的车经过34项严格检车，可是就听信了他们，不到|山东华瑞源... ​
		</博文><博文独立网址>http://weibo.com/6161362085/F5OlWxDjq?refer_flag=1001030103_</博文独立网址><发布时间>2017-06-01 15:30</发布时间><发布终端>新浪博客</发布终端><转发数/><评论数/><点赞数/><EXPORTFLAG/></item><item><博主头像>http://tva3.sinaimg.cn/crop.0.0.216.216.50/96661a7ctw1eeu0ykwprej206209qjrs.jpg</博主头像><博主id>2523273852</博主id><博主>垣曲县交通警察大队</博主><博主主页>http://weibo.com/u/2523273852?refer_flag=1001030103_</博主主页><博文>
		【正确调整汽车头枕高度，绝不只是为了舒适！】据统计，在交通事故所引发的人身伤害中，有七成属于颈椎受伤，追尾撞击事故成最大元凶。追尾事故中，人体突然向前或者向后，头部无法跟上身体的运动，最终都会施压到颈椎，从而导致颈椎损伤。调整座椅，你真的会吗？？ ​
		</博文><博文独立网址>http://weibo.com/2523273852/F5OlQoQW9?refer_flag=1001030103_</博文独立网址><发布时间>2017-06-01 15:29</发布时间><发布终端>搜狗高速浏览器</发布终端><转发数/><评论数/><点赞数/><EXPORTFLAG/></item><item><博主头像>http://tva2.sinaimg.cn/crop.0.0.180.180.50/bea11c80jw1e8qgp5bmzyj2050050aa8.jpg</博主头像><博主id>3198229632</博主id><博主>广州柏仕汽车音响</博主><博主主页>http://weibo.com/u/3198229632?refer_flag=1001030103_</博主主页><博文>
		发表了博文《玩转音乐经典轩逸改装歌诗尼4.2蓝牙无损播放器-K4-洛克力量汽车音响（精益店）》在爱车内享受到美妙的音乐是生活的一种乐趣，就如经典轩逸的这位车主，平时喜欢在爱车内聆听音乐，但是爱车的音响|玩转音乐经... ​
		</博文><博文独立网址>http://weibo.com/3198229632/F5OlL1URS?refer_flag=1001030103_</博文独立网址><发布时间>2017-06-01 15:29</发布时间><发布终端>新浪博客</发布终端><转发数/><评论数/><点赞数/><EXPORTFLAG/></item><item><博主头像>http://tva3.sinaimg.cn/crop.44.27.192.192.50/c335a4ddtw1ee98rvma77j207z065wek.jpg</博主头像><博主id>3275072733</博主id><博主>广汽传祺济宁祺祥店</博主><博主主页>http://weibo.com/u/3275072733?refer_flag=1001030103_</博主主页><博文>
		广汽传祺首届欢乐斗地主挑战赛幸福开赛 （分享自 @汽车之家） 网页链接 ​
		</博文><博文独立网址>http://weibo.com/3275072733/F5OlKqgY2?refer_flag=1001030103_</博文独立网址><发布时间>2017-06-01 15:29</发布时间><发布终端>汽车之家</发布终端><转发数/><评论数/><点赞数/><EXPORTFLAG/></item><item><博主头像>http://tva3.sinaimg.cn/crop.0.0.180.180.50/9ca13547jw1e8qgp5bmzyj2050050aa8.jpg</博主头像><博主id>2627810631</博主id><博主>火车站地区派出所</博主><博主主页>http://weibo.com/u/2627810631?refer_flag=1001030103_</博主主页><博文>
		【法治故事：失控的汽车】3月17日，浙江温岭发生了一起暴力抗法事件。温岭法院新河法庭执行干警黄挺在扣押一查封车辆时，自称“担保公司”员工的程志刚、周生龙等10余人陆续到现场阻止扣车。周生龙上车控制了车辆后朝着绿化带撞过去，把站在绿化带边上的黄挺和另一个村民撞倒。案发后，被执行人李正夫 ​
			...展开全文c
		</博文><博文独立网址>http://weibo.com/2627810631/F5OlKdgzD?refer_flag=1001030103_</博文独立网址><发布时间>2017-06-01 15:29</发布时间><发布终端>微博 weibo.com</发布终端><转发数/><评论数/><点赞数/><EXPORTFLAG/></item><item><博主头像>http://tvax3.sinaimg.cn/crop.0.10.1125.1125.50/8652b337ly8ffju82ea0wj20v90vu402.jpg</博主头像><博主id>2253566775</博主id><博主>白菜坑</博主><博主主页>http://weibo.com/234399467?refer_flag=1001030103_</博主主页><博文>
		大号变形金刚一键变形遥控汽车，电影原声音效，仿真跑车引擎声， 送积木玩具3件套+运费险，59 起  ​
		</博文><博文独立网址>http://weibo.com/2253566775/F5OlJBB5P?refer_flag=1001030103_</博文独立网址><发布时间>2017-06-01 15:29</发布时间><发布终端>360安全浏览器</发布终端><转发数/><评论数>1</评论数><点赞数>1</点赞数><EXPORTFLAG/></item><item><博主头像>http://tvax1.sinaimg.cn/crop.7.0.736.736.50/3ddac7f4ly8fewum40cqej20ku0kgab7.jpg</博主头像><博主id>1037748212</博主id><博主>拖T拖_168</博主><博主主页>http://weibo.com/u/1037748212?refer_flag=1001030103_</博主主页><博文>
		《交警扣了城管的汽车!城管扣了交警的摩托车!有好戏要上演了》交警扣了城管的汽车!城管扣了交警的摩托车!有好戏要上演了网页链接交警扣了城管的汽车!城管扣了交警的摩托车!有好戏要上演了 网页链接 ​
		</博文><博文独立网址>http://weibo.com/1037748212/F5OlGktfp?refer_flag=1001030103_</博文独立网址><发布时间>2017-06-01 15:29</发布时间><发布终端>手机百度客户端</发布终端><转发数/><评论数/><点赞数/><EXPORTFLAG/></item><item><博主头像>http://tva4.sinaimg.cn/crop.0.54.577.577.50/006dIn9Ejw8ew33wa9junj30go0kugmj.jpg</博主头像><博主id>5699464802</博主id><博主>精挑细选二手车</博主><博主主页>http://weibo.com/u/5699464802?refer_flag=1001030103_</博主主页><博文>
		#微博汽车趣闻# 西装暴徒烧胎欢庆六一！ 秒拍视频 ​
		</博文><博文独立网址>http://weibo.com/5699464802/F5OlDkKLC?refer_flag=1001030103_</博文独立网址><发布时间>2017-06-01 15:29</发布时间><发布终端>秒拍网页版</发布终端><转发数>1</转发数><评论数/><点赞数>7</点赞数><EXPORTFLAG/></item><item><博主头像>http://tva2.sinaimg.cn/crop.0.0.179.179.50/85299297jw1e9dyosx78rj2050050q34.jpg</博主头像><博主id>2234094231</博主id><博主>中国移动浙江公司</博主><博主主页>http://weibo.com/cmcczj?refer_flag=1001030103_</博主主页><博文>
		坐火车怕人多，坐汽车又怕堵车，这些自动化的交通出行方式已经无法满足你了吗？和小妞带你看看10年后、20年后未来的出行方式！网页链接 ​
		</博文><博文独立网址>http://weibo.com/2234094231/F5OlB1Gcn?refer_flag=1001030103_</博文独立网址><发布时间>2017-06-01 15:29</发布时间><发布终端>iPhone 6s</发布终端><转发数/><评论数>1</评论数><点赞数/><EXPORTFLAG/></item><item><博主头像>http://tva3.sinaimg.cn/crop.44.27.192.192.50/c335a4ddtw1ee98rvma77j207z065wek.jpg</博主头像><博主id>3275072733</博主id><博主>广汽传祺济宁祺祥店</博主><博主主页>http://weibo.com/u/3275072733?refer_flag=1001030103_</博主主页><博文>
		2017款全新传祺GA8济宁区域上市发布会 （分享自 @汽车之家） 网页链接 ​
		</博文><博文独立网址>http://weibo.com/3275072733/F5OlwwQbf?refer_flag=1001030103_</博文独立网址><发布时间>2017-06-01 15:29</发布时间><发布终端>汽车之家</发布终端><转发数/><评论数/><点赞数/><EXPORTFLAG/></item><item><博主头像>http://tva4.sinaimg.cn/crop.0.0.179.179.50/005IUBzJtw1ej4zj44aeyj3050050aao.jpg</博主头像><博主id>5244313755</博主id><博主>绥棱林区基层法院</博主><博主主页>http://weibo.com/u/5244313755?refer_flag=1001030103_</博主主页><博文>
		#微法课堂#什么是交通肇事罪?汽车司机因交通事故致人死亡，都要追究刑事责任吗?　　“交通肇事罪是指 “从事交通运输的人员违反规章制度，因而发生重大事故，致人重伤、死亡或者使公私财产遭受重大损失的”犯罪行为。　　如果司机对意外事件，事先确实不可能有预见，主观上既不是故意，又无过失，例 ​
			...展开全文c
		</博文><博文独立网址>http://weibo.com/5244313755/F5Oltkwpl?refer_flag=1001030103_</博文独立网址><发布时间>2017-06-01 15:29</发布时间><发布终端>微博 weibo.com</发布终端><转发数/><评论数/><点赞数/><EXPORTFLAG/></item><item><博主头像>http://tva3.sinaimg.cn/crop.53.405.768.768.50/0062bzBUgw1epfp62p0yfj30np0zk45e.jpg</博主头像><博主id>5529108162</博主id><博主>跑车Race</博主><博主主页>http://weibo.com/pcrace?refer_flag=1001030103_</博主主页><博文>
		三哥从小开启挂模式，从此一发不可收拾#汽车吐槽# 秒拍视频 ​
		</博文><博文独立网址>http://weibo.com/5529108162/F5Olktu1R?refer_flag=1001030103_</博文独立网址><发布时间>2017-06-01 15:28</发布时间><发布终端>微话题</发布终端><转发数>3</转发数><评论数>1</评论数><点赞数>4</点赞数><EXPORTFLAG/></item><item><博主头像>http://tva1.sinaimg.cn/crop.0.0.180.180.50/b2475ad5jw1e8qgp5bmzyj2050050aa8.jpg</博主头像><博主id>2991020757</博主id><博主>武科大汽车与交通工程学院学生会</博主><博主主页>http://weibo.com/u/2991020757?refer_flag=1001030103_</博主主页><博文>
		90后！！！！！！1990—1999出生的中国公民 最早的一批已经27啦！最晚的一批已经17啦！十几天后最后一批90后将退出高中00后将称霸校园
			...展开全文c
		</博文><博文独立网址>http://weibo.com/2991020757/F5OlhurVJ?refer_flag=1001030103_</博文独立网址><发布时间>2017-06-01 15:28</发布时间><发布终端>告别不快vivo V3Max</发布终端><转发数>1</转发数><评论数/><点赞数/><EXPORTFLAG/></item><item><博主头像>http://tva1.sinaimg.cn/crop.0.0.180.180.50/74c4aeb2jw1e8qgp5bmzyj2050050aa8.jpg</博主头像><博主id>1959046834</博主id><博主>平安虎丘</博主><博主主页>http://weibo.com/jchqpcs?refer_flag=1001030103_</博主主页><博文>
		@姑苏公安 【法治故事：失控的汽车】3月17日，浙江温岭发生了一起暴力抗法事件。温岭法院新河法庭执行干警黄挺在扣押一查封车辆时，自称“担保公司”员工的程志刚、周生龙等10余人陆续到现场阻止扣车。周生龙上车控制了车辆后朝着绿化带撞过去，把站在绿化带边上的黄挺和另一个村民撞倒。案发后，被执 ​
			...展开全文c
		</博文><博文独立网址>http://weibo.com/1959046834/F5Olccbwv?refer_flag=1001030103_</博文独立网址><发布时间>2017-06-01 15:28</发布时间><发布终端>专业版微博</发布终端><转发数/><评论数/><点赞数/><EXPORTFLAG/></item><item><博主头像>http://tva1.sinaimg.cn/crop.0.0.512.512.50/7205e5fejw8ezax01a52aj20e80e8t96.jpg</博主头像><博主id>1912989182</博主id><博主>哲汉姜</博主><博主主页>http://weibo.com/u/1912989182?refer_flag=1001030103_</博主主页><博文>
		很喜欢长城汽车一直践行的企业文化“每天进步一点点”
		</博文><博文独立网址>http://weibo.com/6055831093/F5N94mNWD?refer_flag=1001030103_</博文独立网址><发布时间>2017-06-01 15:28</发布时间><发布终端>微博 weibo.com</发布终端><转发数/><评论数/><点赞数>1</点赞数><EXPORTFLAG/></item><item><博主头像>http://tva3.sinaimg.cn/crop.0.0.344.344.50/006ihPuyjw1f2907gtdcbj30aw09nq3k.jpg</博主头像><博主id>5767020554</博主id><博主>爱炸鸡的小胖纸</博主><博主主页>http://weibo.com/u/5767020554?refer_flag=1001030103_</博主主页><博文>
		海马汽车，值得购买的汽车
		</博文><博文独立网址>http://weibo.com/5475405762/F5CNuoYWP?refer_flag=1001030103_</博文独立网址><发布时间>2017-06-01 15:28</发布时间><发布终端>微博 weibo.com</发布终端><转发数/><评论数/><点赞数/><EXPORTFLAG/></item><item><博主头像>http://tva3.sinaimg.cn/crop.9.0.1223.1223.50/b7b51317jw8f6tkgkwismj20yi0xzadi.jpg</博主头像><博主id>3082097431</博主id><博主>浪里个浪CP</博主><博主主页>http://weibo.com/u/3082097431?refer_flag=1001030103_</博主主页><博文>
		@安徽省消费者协会 订购车辆到期明确表示不愿意给付车辆要求加价，对于滁州东本泓泰店的销售方式表示不理解，已经等车长达三个月现在突然这样给我答复让我觉得被欺骗！希望有关部门可以介入！@滁州市广播电视台 @东风本田 @微博汽车 ​
		</博文><博文独立网址>http://weibo.com/3082097431/F5Ol313eN?refer_flag=1001030103_</博文独立网址><发布时间>2017-06-01 15:28</发布时间><发布终端>iPhone 6s Plus</发布终端><转发数/><评论数/><点赞数/><EXPORTFLAG/></item><item><博主头像>http://tva3.sinaimg.cn/crop.1.0.510.510.50/8f0b3819jw8ey4ueanil6j20e80e6wey.jpg</博主头像><博主id>2399877145</博主id><博主>沏杯茶_</博主><博主主页>http://weibo.com/u/2399877145?refer_flag=1001030103_</博主主页><博文>
		汽车集团背后的那些神秘家族！分分钟能让CEO下课 大众汽车集团：波尔舍家族和皮耶希家族大众汽车背后是波尔舍家族与皮耶希家族。目前，这两大家族控制着大众汽车集团51%的普通股。现在，大众汽车总共拥有10个汽车品牌以及1个摩托车品牌宝马汽车集团：匡特家族宝马公司也是一个家族控制的企业，控 ​
			...展开全文c
		</博文><博文独立网址>http://weibo.com/2399877145/F5Ol2pnqK?refer_flag=1001030103_</博文独立网址><发布时间>2017-06-01 15:27</发布时间><发布终端>Weibo.intl</发布终端><转发数/><评论数/><点赞数/><EXPORTFLAG/></item><item><博主头像>http://tva2.sinaimg.cn/crop.0.0.180.180.50/74e67a04jw1e8qgp5bmzyj2050050aa8.jpg</博主头像><博主id>1961261572</博主id><博主>苏州市平江派出所</博主><博主主页>http://weibo.com/u/1961261572?refer_flag=1001030103_</博主主页><博文>
		【法治故事：失控的汽车】3月17日，浙江温岭发生了一起暴力抗法事件。温岭法院新河法庭执行干警黄挺在扣押一查封车辆时，自称“担保公司”员工的程志刚、周生龙等10余人陆续到现场阻止扣车。周生龙上车控制了车辆后朝着绿化带撞过去，把站在绿化带边上的黄挺和另一个村民撞倒。案发后，被执行人李正夫 ​
			...展开全文c
		</博文><博文独立网址>http://weibo.com/1961261572/F5OkSnQvX?refer_flag=1001030103_</博文独立网址><发布时间>2017-06-01 15:27</发布时间><发布终端>华为P9手机摄影再突破</发布终端><转发数/><评论数/><点赞数/><EXPORTFLAG/></item><item><博主头像>http://tva1.sinaimg.cn/crop.0.0.1342.1342.50/9b6d0fc1jw8faqfgwpoaij211a11a0wq.jpg</博主头像><博主id>2607615937</博主id><博主>乐视乐跃亭</博主><博主主页>http://weibo.com/u/2607615937?refer_flag=1001030103_</博主主页><博文>
		乐视网(SZ300104):（原标题：专访蔚来汽车董事长李斌：最关注汽车量产 而不是IPO） 雷帝网 雷建平5月31日报道 蔚来汽车董事长李斌日前在武汉接受雷帝网独家采访时表示，当前最关注的是蔚来汽车的量产，而不是蔚来汽车公司的上市。 ... 分享自@雪球 |蔚来汽车董... |桐乡市 ​
		</博文><博文独立网址>http://weibo.com/2607615937/F5OkQ36zC?refer_flag=1001030103_</博文独立网址><发布时间>2017-06-01 15:27</发布时间><发布终端>乐Max</发布终端><转发数/><评论数/><点赞数/><EXPORTFLAG/></item></列></item></列表></extraction>