<?xml version="1.0" encoding="UTF-8"?><extraction><clueid>373892854</clueid><fullpath><![CDATA[http://s.weibo.com/weibo/%25E6%25B1%25BD%25E8%25BD%25A6&typeall=1&suball=1&timescope=custom:2016-06-01:2017-06-01-23&page=22]]></fullpath><realpath><![CDATA[http://s.weibo.com/weibo/%25E6%25B1%25BD%25E8%25BD%25A6&typeall=1&suball=1&timescope=custom:2016-06-01:2017-06-01-23&page=22]]></realpath><theme>微博关键词搜索采集</theme><middle>default</middle><createdate>2017-6-1 17:36:42</createdate><pageno>22</pageno><actionno></actionno><actionvalue></actionvalue><prestamp>DSEngine-+-ds_browser_ds_task_xp1-+-1661164368</prestamp><currentstamp>DSEngine-+-ds_browser_ds_task_xp1-+-1661183835</currentstamp><baseURI><bucketBaseURI><bucketName>list</bucketName><uri><![CDATA[http://s.weibo.com/weibo/%25E6%25B1%25BD%25E8%25BD%25A6&typeall=1&suball=1&timescope=custom:2016-06-01:2017-06-01-23&page=22]]></uri></bucketBaseURI></baseURI>
<列表><item><关键字>汽车</关键字><列><item><博主头像>http://tva4.sinaimg.cn/crop.426.6.1066.1066.50/006AeyUdjw8f8bni666r7j31hc0u0qd1.jpg</博主头像><博主id>6032215861</博主id><博主>日常咻咻</博主><博主主页>http://weibo.com/u/6032215861?refer_flag=1001030103_</博主主页><博文>
		【￥59】大号变形金刚一键变形遥控汽车，今天过节，不送一个给小朋友吗 ​
		</博文><博文独立网址>http://weibo.com/6032215861/F5OKCBQsi?refer_flag=1001030103_</博文独立网址><发布时间>2017-06-01 16:31</发布时间><发布终端>微博 weibo.com</发布终端><转发数/><评论数>1</评论数><点赞数/><EXPORTFLAG/></item><item><博主头像>http://tva4.sinaimg.cn/crop.256.251.1244.1244.50/ebeb36eegw1ec2na3vtswj21bk1ay79t.jpg</博主头像><博主id>3958060782</博主id><博主>Jeep-Chrysler东莞鸿粤永祥</博主><博主主页>http://weibo.com/JEEPDG?refer_flag=1001030103_</博主主页><博文>
		全家自驾游标配座驾 7座SUV就选道奇酷威！ （分享自 @汽车之家）销售电话： 4008305802 网页链接 ​
		</博文><博文独立网址>http://weibo.com/3958060782/F5OKC5OMs?refer_flag=1001030103_</博文独立网址><发布时间>2017-06-01 16:30</发布时间><发布终端>汽车之家</发布终端><转发数/><评论数/><点赞数/><EXPORTFLAG/></item><item><博主头像>http://tva2.sinaimg.cn/crop.48.14.144.144.50/bfb0767fgw1ee2caw4oi9j206p04vwei.jpg</博主头像><博主id>3216012927</博主id><博主>广汽传祺宜春华祺店</博主><博主主页>http://weibo.com/u/3216012927?refer_flag=1001030103_</博主主页><博文>
		传祺宜春华立店售后服务技能大赛开启 （分享自 @汽车之家） 网页链接 ​
		</博文><博文独立网址>http://weibo.com/3216012927/F5OKAjdp4?refer_flag=1001030103_</博文独立网址><发布时间>2017-06-01 16:30</发布时间><发布终端>汽车之家</发布终端><转发数/><评论数/><点赞数/><EXPORTFLAG/></item><item><博主头像>http://tva1.sinaimg.cn/crop.0.0.512.512.50/005yFhZcjw8f5j5rj1tx3j30e80e8wen.jpg</博主头像><博主id>5092900174</博主id><博主>全民股神TradeHero</博主><博主主页>http://weibo.com/tradeheromobi?refer_flag=1001030103_</博主主页><博文>
		【港股涨0.58%报25809点，航空股全线上涨】截止收盘，恒生指数涨0.58%，报25809.22点；国企指数涨0.16%；红筹指数跌0.01%。大市成交额846.13亿港元。吉利汽车涨2.79%，领涨蓝筹股。航空股受人民币升值推动，全天领涨。中国国航收涨近8%，南方航空涨5%，东方航空涨近4%，国泰航空涨1.75%。科通芯城 ​
			...展开全文c
		</博文><博文独立网址>http://weibo.com/5092900174/F5OKxjlg0?refer_flag=1001030103_</博文独立网址><发布时间>2017-06-01 16:30</发布时间><发布终端>微博 weibo.com</发布终端><转发数/><评论数/><点赞数/><EXPORTFLAG/></item><item><博主头像>http://tva2.sinaimg.cn/crop.48.14.144.144.50/bfb0767fgw1ee2caw4oi9j206p04vwei.jpg</博主头像><博主id>3216012927</博主id><博主>广汽传祺宜春华祺店</博主><博主主页>http://weibo.com/u/3216012927?refer_flag=1001030103_</博主主页><博文>
		六一安全溜亲子嘉年华就来宜春华立店 （分享自 @汽车之家） 网页链接 ​
		</博文><博文独立网址>http://weibo.com/3216012927/F5OKsjNOR?refer_flag=1001030103_</博文独立网址><发布时间>2017-06-01 16:30</发布时间><发布终端>汽车之家</发布终端><转发数/><评论数/><点赞数/><EXPORTFLAG/></item><item><博主头像>http://tva4.sinaimg.cn/crop.0.2.79.79.50/d364c034gw1e9ep1yjvgrj202802a0sl.jpg</博主头像><博主id>3546595380</博主id><博主>中山规划</博主><博主主页>http://weibo.com/u/3546595380?refer_flag=1001030103_</博主主页><博文>
		#城市城事#【肇庆未来将建1.5万个新能源充电桩】近日，为加快推进肇庆市新能源(电动)汽车充电设施的建设，肇庆市城乡规划局组织编制了《肇庆市中心城区(不含高新区)新能源(电动）汽车充电设施布局规划》。根据规划，至2030年，肇庆市中心城区新能源(电动)汽车充电桩规模达到1.5万个。 ​
		</博文><博文独立网址>http://weibo.com/3546595380/F5OKpAO4V?refer_flag=1001030103_</博文独立网址><发布时间>2017-06-01 16:30</发布时间><发布终端>360安全浏览器</发布终端><转发数/><评论数/><点赞数/><EXPORTFLAG/></item><item><博主头像>http://tva2.sinaimg.cn/crop.347.129.1228.1228.50/726bf753gw1eap64q8mqkj21kw11yhdt.jpg</博主头像><博主id>1919678291</博主id><博主>上海半岛酒店</博主><博主主页>http://weibo.com/peninsulashanghai?refer_flag=1001030103_</博主主页><博文>
		上海半岛酒店首届#香槟嘉年华#活动即将开幕。6月2日晚上举办的香槟盛宴餐位已经售罄。6月3日及4日的#香槟嘉年华#主会场——花园派对，不仅有现场乐队和DJ助阵、来自#上海汽车博物馆#的珍藏老爷车展示、半岛冰淇淋车，还有八家顶级香槟品牌所带来的佳酿供宾客品鉴。若想购买花园派对套票，可扫描下方二 ​
			...展开全文c
		</博文><博文独立网址>http://weibo.com/1919678291/F5OKgtvhw?refer_flag=1001030103_</博文独立网址><发布时间>2017-06-01 16:30</发布时间><发布终端>微博 weibo.com</发布终端><转发数/><评论数/><点赞数/><EXPORTFLAG/></item><item><博主头像>http://tva3.sinaimg.cn/crop.0.0.180.180.50/af241d6bjw1e8qgp5bmzyj2050050aa8.jpg</博主头像><博主id>2938379627</博主id><博主>新浪遵义汽车</博主><博主主页>http://weibo.com/u/2938379627?refer_flag=1001030103_</博主主页><博文>
		这位开特斯拉的大师，这样打坐，可能真的会升天！#汽车大头贴# 百家车坛的... ​
		</博文><博文独立网址>http://weibo.com/2938379627/F5OKeqkM9?refer_flag=1001030103_</博文独立网址><发布时间>2017-06-01 16:30</发布时间><发布终端>微博 weibo.com</发布终端><转发数/><评论数>1</评论数><点赞数/><EXPORTFLAG/></item><item><博主头像>http://tva2.sinaimg.cn/crop.68.32.439.439.50/006um1J2jw8f4vqsfcfinj30ga0dn0sy.jpg</博主头像><博主id>5945336924</博主id><博主>觅途咨询</博主><博主主页>http://weibo.com/u/5945336924?refer_flag=1001030103_</博主主页><博文>
		增材制造又名3D打印。当前增材制造已经从研发转向了产业化应用。目前，航空航天、汽车、机械装备等领域零部件模具开发成效显著。据中国增材制造产业联盟统计及预测，2016年我国增材制造产业规模已达80亿元，产业规模实现较快增长。未来三年产业规模将以25%~30%的速度增长。工信部正在抓紧编制《国家增 ​
			...展开全文c
		</博文><博文独立网址>http://weibo.com/5945336924/F5OKeqkxb?refer_flag=1001030103_</博文独立网址><发布时间>2017-06-01 16:30</发布时间><发布终端>微博 weibo.com</发布终端><转发数/><评论数/><点赞数>1</点赞数><EXPORTFLAG/></item><item><博主头像>http://tva3.sinaimg.cn/crop.5.1.295.295.50/631f7dfejw8f5iyh8k8bsj208c08ct9b.jpg</博主头像><博主id>1663008254</博主id><博主>快乐老人报</博主><博主主页>http://weibo.com/kllrw?refer_flag=1001030103_</博主主页><博文>
		【主人骑车被撞 忠犬护主猛追肇事车】5月24日江苏张家港市，一女子骑电瓶车通过十字路口时被小轿车刮倒。女子倒地后电瓶车上跳下一只小狗，追上肇事汽车，与司机一起回到女主人身边，所幸女子并无大碍。 澎湃新闻的... 女子说，小狗很忠心，轻易见不得她吃亏。(澎湃) ​
		</博文><博文独立网址>http://weibo.com/1663008254/F5OKepdmW?refer_flag=1001030103_</博文独立网址><发布时间>2017-06-01 16:30</发布时间><发布终端>微博 weibo.com</发布终端><转发数>1</转发数><评论数/><点赞数>2</点赞数><EXPORTFLAG/></item><item><博主头像>http://tva2.sinaimg.cn/crop.65.72.166.166.50/75c74ba9jw8eznjddxzooj208c08c74h.jpg</博主头像><博主id>1975995305</博主id><博主>西安晚报</博主><博主主页>http://weibo.com/xianwanbao?refer_flag=1001030103_</博主主页><博文>
		【主人骑车被撞 忠犬护主猛追肇事车】5月24日江苏张家港市，一女子骑电瓶车通过十字路口时被小轿车刮倒。女子倒地后电瓶车上跳下一只小狗，追上肇事汽车，与司机一起回到女主人身边，所幸女子并无大碍。澎湃新闻的...女子说，小狗很忠心，轻易见不得她吃亏。(澎湃) ​
		</博文><博文独立网址>http://weibo.com/1975995305/F5OKenl28?refer_flag=1001030103_</博文独立网址><发布时间>2017-06-01 16:30</发布时间><发布终端>微博 weibo.com</发布终端><转发数>5</转发数><评论数>2</评论数><点赞数>15</点赞数><EXPORTFLAG/></item><item><博主头像>http://tva1.sinaimg.cn/crop.0.0.200.200.50/673b2b23jw8ev7m4phml4j205k05kjrg.jpg</博主头像><博主id>1731930915</博主id><博主>爱卡汽车</博主><博主主页>http://weibo.com/xcar?refer_flag=1001030103_</博主主页><博文>
		#卡友游记# 卡友：老爷车在那里比比皆是。 在那种阳光明媚的地方看到一台老卫士才觉得真顺眼。【抵达澳大利亚拜伦湾】请看：网页链接 ​
		</博文><博文独立网址>http://weibo.com/1731930915/F5OKenkLr?refer_flag=1001030103_</博文独立网址><发布时间>2017-06-01 16:30</发布时间><发布终端>微博 weibo.com</发布终端><转发数>1</转发数><评论数>3</评论数><点赞数>6</点赞数><EXPORTFLAG/></item><item><博主头像>http://tva3.sinaimg.cn/crop.0.2.97.97.50/48ad6736jw8evew09hjhqj202s02s743.jpg</博主头像><博主id>1219323702</博主id><博主>汽车观察家微博</博主><博主主页>http://weibo.com/111970718?refer_flag=1001030103_</博主主页><博文>
		发布了头条文章：《汽车界的小精灵 只要5万的时尚代步车?》 |汽车界的小... ​
		</博文><博文独立网址>http://weibo.com/1219323702/F5OKe4MhB?refer_flag=1001030103_</博文独立网址><发布时间>2017-06-01 16:30</发布时间><发布终端>微博 weibo.com</发布终端><转发数>1</转发数><评论数/><点赞数/><EXPORTFLAG/></item><item><博主头像>http://tva3.sinaimg.cn/crop.61.0.180.180.50/edb1dafajw8ezei21182qj206q050dfu.jpg</博主头像><博主id>3987856122</博主id><博主>最IN-女皇</博主><博主主页>http://weibo.com/u/3987856122?refer_flag=1001030103_</博主主页><博文>
		我要看@汽车托运-中运联创轿车托运 @大咖湖 @睿琪捣蛋鬼
		</博文><博文独立网址>http://weibo.com/1732523361/F51u67A4c?refer_flag=1001030103_</博文独立网址><发布时间>2017-06-01 16:30</发布时间><发布终端>微博 weibo.com</发布终端><转发数/><评论数/><点赞数/><EXPORTFLAG/></item><item><博主头像>http://tva3.sinaimg.cn/crop.0.0.200.200.50/006AdsAwjw8f87vc6mdzmj305k05kmx0.jpg</博主头像><博主id>6031953248</博主id><博主>小松鼠运白菜</博主><博主主页>http://weibo.com/u/6031953248?refer_flag=1001030103_</博主主页><博文>
		【￥59】大号变形金刚一键变形遥控汽车，今天过节，不送一个给小朋友吗 ​
		</博文><博文独立网址>http://weibo.com/6031953248/F5OKdcoVa?refer_flag=1001030103_</博文独立网址><发布时间>2017-06-01 16:30</发布时间><发布终端>微博 weibo.com</发布终端><转发数/><评论数>1</评论数><点赞数/><EXPORTFLAG/></item><item><博主头像>http://tva1.sinaimg.cn/crop.0.0.180.180.50/d40bc1f1jw1e8qgp5bmzyj2050050aa8.jpg</博主头像><博主id>3557540337</博主id><博主>芳心云天</博主><博主主页>http://weibo.com/u/3557540337?refer_flag=1001030103_</博主主页><博文>
		#芳心爱打油# 安全第一心中住，擅自改装不可取，汽车房车别混搭，如此改装当惩处。@焦作日报
		</博文><博文独立网址>http://weibo.com/1959574931/F5LpzfY8s?refer_flag=1001030103_</博文独立网址><发布时间>2017-06-01 16:29</发布时间><发布终端>360安全浏览器</发布终端><转发数/><评论数/><点赞数/><EXPORTFLAG/></item><item><博主头像>http://tvax2.sinaimg.cn/crop.0.4.504.504.50/0061sHhDly8fei2mibwnxj30e00e80tf.jpg</博主头像><博主id>5518412897</博主id><博主>浪子付雪科</博主><博主主页>http://weibo.com/u/5518412897?refer_flag=1001030103_</博主主页><博文>
		我发布了一个快手视频，一起来看！迈斯汽车照明郑州旗舰店 @王逗逗的小时候 @粉丝红包 @快手 @Mc天佑吖 @范冰冰 @初家小雪 @粉丝红包 晚上开个三... ​
		</博文><博文独立网址>http://weibo.com/5518412897/F5OKcm7oQ?refer_flag=1001030103_</博文独立网址><发布时间>2017-06-01 16:29</发布时间><发布终端>快手</发布终端><转发数/><评论数/><点赞数/><EXPORTFLAG/></item><item><博主头像>http://tva4.sinaimg.cn/crop.19.0.374.374.50/9b43e84djw1e7cnv7s292j20ci0afjte.jpg</博主头像><博主id>2604918861</博主id><博主>甘南公安</博主><博主主页>http://weibo.com/u/2604918861?refer_flag=1001030103_</博主主页><博文>
		【汽车装备了高强度放电前大灯HID】该设备通过其预先设计的电子系统产生的高压电弧放电生成高密度光源。要检查前大灯镜头是否有裂纹，因为虽然表面裂纹并不会影响前大灯的照明性能，但是湿气会沿着裂缝渗入灯具内，势必将降低灯泡的使用寿命。 ​​​​
		</博文><博文独立网址>http://weibo.com/2604918861/F5OJVbQT4?refer_flag=1001030103_</博文独立网址><发布时间>2017-06-01 16:29</发布时间><发布终端>人民微管家</发布终端><转发数/><评论数/><点赞数/><EXPORTFLAG/></item><item><博主头像>http://tva2.sinaimg.cn/crop.142.0.1228.1228.50/6a9c6cc2gw1e7decmexjqj21kw10inid.jpg</博主头像><博主id>1788636354</博主id><博主>进击的明叔</博主><博主主页>http://weibo.com/u/1788636354?refer_flag=1001030103_</博主主页><博文>
		我免费围观了 @硬哥 的回答，问题价值 14.90 元，快来一起免费围观~ 网页链接 ​
		</博文><博文独立网址>http://weibo.com/1788636354/F5OJUkmD3?refer_flag=1001030103_</博文独立网址><发布时间>2017-06-01 16:29</发布时间><发布终端>微博 weibo.com</发布终端><转发数/><评论数/><点赞数/><EXPORTFLAG/></item><item><博主头像>http://tva1.sinaimg.cn/crop.6.0.107.107.50/0069qdOWjw8etdq1iwe52j303b02z3yh.jpg</博主头像><博主id>5636033674</博主id><博主>长安秀山盛达4S店</博主><博主主页>http://weibo.com/u/5636033674?refer_flag=1001030103_</博主主页><博文>
		#秀山社区#[长安知识课堂 雨季行车十大要点]一、降低车速 汽车在雨中行驶时要适当降低车速，在同样的道路上，雨天要比晴天车速低。在行车中需要减速时或停车之前的减速时，首先要充分利用发动机制动（将变速器挂入低挡），然后再平稳地踩下制动器踏板，并配合网页链接 ​
		</博文><博文独立网址>http://weibo.com/5636033674/F5OJQq5Z1?refer_flag=1001030103_</博文独立网址><发布时间>2017-06-01 16:29</发布时间><发布终端>秀山论坛</发布终端><转发数/><评论数/><点赞数/><EXPORTFLAG/></item></列></item></列表></extraction>