<?xml version="1.0" encoding="UTF-8"?><extraction><clueid>373892854</clueid><fullpath><![CDATA[http://s.weibo.com/weibo/%25E6%25B1%25BD%25E8%25BD%25A6&typeall=1&suball=1&timescope=custom:2016-06-01:2017-06-01-23&page=42]]></fullpath><realpath><![CDATA[http://s.weibo.com/weibo/%25E6%25B1%25BD%25E8%25BD%25A6&typeall=1&suball=1&timescope=custom:2016-06-01:2017-06-01-23&page=42]]></realpath><theme>微博关键词搜索采集</theme><middle>default</middle><createdate>2017-6-1 17:43:18</createdate><pageno>42</pageno><actionno></actionno><actionvalue></actionvalue><prestamp>DSEngine-+-ds_browser_ds_task_xp1-+-1661558839</prestamp><currentstamp>DSEngine-+-ds_browser_ds_task_xp1-+-1661579275</currentstamp><baseURI><bucketBaseURI><bucketName>list</bucketName><uri><![CDATA[http://s.weibo.com/weibo/%25E6%25B1%25BD%25E8%25BD%25A6&typeall=1&suball=1&timescope=custom:2016-06-01:2017-06-01-23&page=42]]></uri></bucketBaseURI></baseURI>
<列表><item><关键字>汽车</关键字><列><item><博主头像>http://tva4.sinaimg.cn/crop.0.0.1080.1080.50/005vPNZ6jw8etow8qwarhj30u00u0my3.jpg</博主头像><博主id>5051077448</博主id><博主>快兰斯24小时财经直播</博主><博主主页>http://weibo.com/financebe?refer_flag=1001030103_</博主主页><博文>
		实时播报：【大陆将发布电动车无线感应充电技术】大陆计划在今年6月的大陆技术展及今年9月的法兰克福汽车展上展示其感应充电技术，该技术被应用于电动车辆，操作简便易用。该技术采用无线充电方式，借助安装于地面上的充电垫，将电能传输到车辆底部的电力接收垫，为电动车充电。 ​
		</博文><博文独立网址>http://weibo.com/5051077448/F5Oqx8SQJ?refer_flag=1001030103_</博文独立网址><发布时间>2017-06-01 15:41</发布时间><发布终端>微博Win8客户端</发布终端><转发数>3</转发数><评论数>2</评论数><点赞数>5</点赞数><EXPORTFLAG/></item><item><博主头像>http://tva2.sinaimg.cn/crop.0.0.640.640.50/74b77b7ajw8f2p0feg9lkj20hs0hs750.jpg</博主头像><博主id>1958181754</博主id><博主>876交通之声</博主><博主主页>http://weibo.com/fz876?refer_flag=1001030103_</博主主页><博文>
		【主人骑车被撞 忠犬护主猛追肇事车】24日，苏州张家港一女子骑电瓶车通过十字路口时被小轿车刮倒，女子倒地后电瓶车上跳下一只小狗，追上肇事汽车，与司机一起回到女主人身边，所幸女子并无大碍。女子说，小狗很忠心，轻易见不得她吃亏。澎湃新闻的... ​​​via福州晚报 ​
		</博文><博文独立网址>http://weibo.com/1958181754/F5OqqmamJ?refer_flag=1001030103_</博文独立网址><发布时间>2017-06-01 15:41</发布时间><发布终端>iPhone 7 Plus</发布终端><转发数/><评论数/><点赞数>1</点赞数><EXPORTFLAG/></item><item><博主头像>http://tva2.sinaimg.cn/crop.0.0.290.290.50/ec70520ejw8eck1lh92caj20820823yj.jpg</博主头像><博主id>3966784014</博主id><博主>二是三号</博主><博主主页>http://weibo.com/u/3966784014?refer_flag=1001030103_</博主主页><博文>
		干粉是否结块、或者喷射的时间大大缩短！直接影响到正常使用，过了期的灭火器很可能喷不出来干粉……及时对灭火器进行充气或者换干粉！每隔一年就该检查一下灭火器内气体是否泄漏：【汽车需随车配备灭火器最好一年一换】车载灭火器的保质期为一年 |苏州·钻石... ​
		</博文><博文独立网址>http://weibo.com/3966784014/F5OqoxhGx?refer_flag=1001030103_</博文独立网址><发布时间>2017-06-01 15:41</发布时间><发布终端>iPhone客户端</发布终端><转发数>1</转发数><评论数>2</评论数><点赞数/><EXPORTFLAG/></item><item><博主头像>http://tva1.sinaimg.cn/crop.0.0.199.199.50/005XrXTfjw8eorosbc3bmj305k05kmxb.jpg</博主头像><博主id>5459133061</博主id><博主>汽车评价</博主><博主主页>http://weibo.com/carbingo?refer_flag=1001030103_</博主主页><博文>
		#汽车评价##汽车评价研究院# 长安汽车北京研究院院长吴礼军谈了自己的观点,他认为,智能汽车已经势不可挡,只有中国所有的品牌,包括传统车企、互联网车企深度合作、互利共赢,才能赢得智能汽车的未来,而实现自动驾驶,必须有政府的支持。@长安汽车 @朱华荣长安汽车 网页链接 ​
		</博文><博文独立网址>http://weibo.com/5459133061/F5OqjxgOu?refer_flag=1001030103_</博文独立网址><发布时间>2017-06-01 15:40</发布时间><发布终端>iPhone 6 Plus</发布终端><转发数>1</转发数><评论数>1</评论数><点赞数/><EXPORTFLAG/></item><item><博主头像>http://tva2.sinaimg.cn/crop.0.0.290.290.50/b03167bbjw8ecaywobtmoj20820820st.jpg</博主头像><博主id>2956027835</博主id><博主>怎么__了LE</博主><博主主页>http://weibo.com/u/2956027835?refer_flag=1001030103_</博主主页><博文>
		将汽车产业纳入到自由贸易协定范围，【印度豪车关税过高奔驰呼吁将汽车纳入自贸协定】据印度《经济时报》报道！奔驰等豪华品牌车企称印度汽车进口关税过高！奔驰印度，希望能够同欧盟进行协商，豪华品牌在印度汽车市场的份额只有1%……日本等市场负责人TillConrad表示 ​
		</博文><博文独立网址>http://weibo.com/2956027835/F5OqjuRdZ?refer_flag=1001030103_</博文独立网址><发布时间>2017-06-01 15:40</发布时间><发布终端>iPhone 6s Plus</发布终端><转发数/><评论数/><点赞数/><EXPORTFLAG/></item><item><博主头像>http://tva4.sinaimg.cn/crop.5.0.214.214.50/e6254496jw1e9txuxcxcrj206805ydfv.jpg</博主头像><博主id>3861202070</博主id><博主>牡丹江铁路运输法院</博主><博主主页>http://weibo.com/u/3861202070?refer_flag=1001030103_</博主主页><博文>
		#时政新闻# 促进汽车租赁业健康发展政策向社会征求意见　　由交通运输部会同住房和城乡建设部制定的《关于促进汽车租赁业健康发展的指导意见（征求意见稿）》（以下简称《征求意见稿》）1日向社会公开征求意见，为期两周。　　汽车租赁是满足社会公众个性化出行、商务活动、公务活动和旅游休闲等需 ​
			...展开全文c
		</博文><博文独立网址>http://weibo.com/3861202070/F5OqiCfMv?refer_flag=1001030103_</博文独立网址><发布时间>2017-06-01 15:40</发布时间><发布终端>360安全浏览器</发布终端><转发数/><评论数/><点赞数/><EXPORTFLAG/></item><item><博主头像>http://tva2.sinaimg.cn/crop.0.0.180.180.50/4a78a1a5jw1e8qgp5bmzyj2050050aa8.jpg</博主头像><博主id>1249419685</博主id><博主>王嘿嘿-</博主><博主主页>http://weibo.com/slsd?refer_flag=1001030103_</博主主页><博文>
		#嘿嘿发车# #汽车嘿课# ​
		</博文><博文独立网址>http://weibo.com/1249419685/F5Oqi7cuB?refer_flag=1001030103_</博文独立网址><发布时间>2017-06-01 15:40</发布时间><发布终端>微博 weibo.com</发布终端><转发数/><评论数/><点赞数>2</点赞数><EXPORTFLAG/></item><item><博主头像>http://tva2.sinaimg.cn/crop.6.0.531.531.50/0060Gq0kjw1fd676wknv6j30f30eracc.jpg</博主头像><博主id>5506906732</博主id><博主>嗨牛财经24小时直播</博主><博主主页>http://weibo.com/hinew8?refer_flag=1001030103_</博主主页><博文>
		实时播报：【大陆将发布电动车无线感应充电技术】嗨牛财经讯，大陆计划在今年6月的大陆技术展及今年9月的法兰克福汽车展上展示其感应充电技术，该技术被应用于电动车辆，操作简便易用。该技术采用无线充电方式，借助安装于地面上的充电垫，将电能传输到车辆底部的电力接收垫，为电动车充电。 ​
		</博文><博文独立网址>http://weibo.com/5506906732/F5OqdjZEC?refer_flag=1001030103_</博文独立网址><发布时间>2017-06-01 15:40</发布时间><发布终端>专业版微博</发布终端><转发数/><评论数/><点赞数/><EXPORTFLAG/></item><item><博主头像>http://tva1.sinaimg.cn/crop.511.3.1529.1529.50/005GFjI2gw1f4vzw8ydtdj31kw16o7wh.jpg</博主头像><博主id>5211117486</博主id><博主>武汉英菲尼迪京楚4S店</博主><博主主页>http://weibo.com/u/5211117486?refer_flag=1001030103_</博主主页><博文>
		【释放本能 突破极限 全新英菲尼迪Q60于武汉车展激情上市】 (2017年5月26日，11:00)今日， 2017 第十五届华中国际汽车展览会暨楚天国博车展）在（武汉国际博览中心）盛大开幕，英菲尼迪旗下豪华运动双门轿跑—全新英菲尼迪Q60正式上市。新车共提供2.0T豪华版... |释放本能 ... ​
		</博文><博文独立网址>http://weibo.com/5211117486/F5Oqd2Y54?refer_flag=1001030103_</博文独立网址><发布时间>2017-06-01 15:40</发布时间><发布终端>分享按钮</发布终端><转发数/><评论数/><点赞数/><EXPORTFLAG/></item><item><博主头像>http://tva4.sinaimg.cn/crop.0.0.1080.1080.50/006u2YAcjw8f4li6ao5inj30u00u0dhi.jpg</博主头像><博主id>5940796612</博主id><博主>车主之友微博</博主><博主主页>http://weibo.com/u/5940796612?refer_flag=1001030103_</博主主页><博文>
		“你的车虽然马力很大，但是屁股太重，不好好调整的话，是斗不过我的房车的！#车主之友叨bi叨##汽车##秒拍汽车#”车主之友的... (Recorded with #Flash Show#,You can watch offline videos~) ​
		</博文><博文独立网址>http://weibo.com/5940796612/F5OqbfNtF?refer_flag=1001030103_</博文独立网址><发布时间>2017-06-01 15:40</发布时间><发布终端>秒拍客户端</发布终端><转发数/><评论数>1</评论数><点赞数>2</点赞数><EXPORTFLAG/></item><item><博主头像>http://tva4.sinaimg.cn/crop.0.0.180.180.50/a8cab576jw1e8qgp5bmzyj2050050aa8.jpg</博主头像><博主id>2831857014</博主id><博主>城阳交警棘洪滩中队</博主><博主主页>http://weibo.com/u/2831857014?refer_flag=1001030103_</博主主页><博文>
		【太揪心！将这段视频转给更多人！告诉你为什么汽车后座也要系安全带！能救命！】
		</博文><博文独立网址>http://weibo.com/1943128881/F5LEICkgR?refer_flag=1001030103_</博文独立网址><发布时间>2017-06-01 15:40</发布时间><发布终端>360安全浏览器</发布终端><转发数/><评论数/><点赞数/><EXPORTFLAG/></item><item><博主头像>http://tva3.sinaimg.cn/crop.0.0.180.180.50/521ac80djw1e8qgp5bmzyj2050050aa8.jpg</博主头像><博主id>1377486861</博主id><博主>雪城艺术中心_u4l</博主><博主主页>http://weibo.com/u/1377486861?refer_flag=1001030103_</博主主页><博文>
		发表了一篇转载博文《[转载]王明说的汽车夫和李延禄说的伊田助男是不是一回事》|[转载]王明... ​
		</博文><博文独立网址>http://weibo.com/1377486861/F5Oq8yLhj?refer_flag=1001030103_</博文独立网址><发布时间>2017-06-01 15:40</发布时间><发布终端>新浪博客</发布终端><转发数/><评论数/><点赞数/><EXPORTFLAG/></item><item><博主头像>http://tva2.sinaimg.cn/crop.91.176.789.789.50/e89f489djw8fbgmpryoo0j20sm0s4myg.jpg</博主头像><博主id>3902752925</博主id><博主>东风队-DongfengRaceTeam</博主><博主主页>http://weibo.com/teamdongfeng?refer_flag=1001030103_</博主主页><博文>
		咱们东风队可是肩负着弘扬中国文化，振兴中国航海事业发展的重大责任呢[加油]@东风汽车公司 @东风商用车
		</博文><博文独立网址>http://weibo.com/5229898329/F5Mlx4Mol?refer_flag=1001030103_</博文独立网址><发布时间>2017-06-01 15:40</发布时间><发布终端>360安全浏览器</发布终端><转发数>1</转发数><评论数>1</评论数><点赞数>2</点赞数><EXPORTFLAG/></item><item><博主头像>http://tva3.sinaimg.cn/crop.177.0.378.378.50/006AU3AUjw8f8o9d25uzjj30h80aiq3m.jpg</博主头像><博主id>6042105276</博主id><博主>首席改装狂人</博主><博主主页>http://weibo.com/u/6042105276?refer_flag=1001030103_</博主主页><博文>
		汽车改装牛人民间有，把卡车改成火车开！！ 微博视频 ​
		</博文><博文独立网址>http://weibo.com/6042105276/F5Oq27gkk?refer_flag=1001030103_</博文独立网址><发布时间>2017-06-01 15:40</发布时间><发布终端>微博网页</发布终端><转发数/><评论数/><点赞数>1</点赞数><EXPORTFLAG/></item><item><博主头像>http://tva2.sinaimg.cn/crop.3.6.148.148.50/4c2ec4e0gw1ecl4znjgwlj204d04ddfu.jpg</博主头像><博主id>1278133472</博主id><博主>中山市陆风汽车销售有限公司</博主><博主主页>http://weibo.com/zslf0760?refer_flag=1001030103_</博主主页><博文>
		#陆风X7# 陆风X7全车拥有6安全气囊、车身稳定系统、牵引力控制系统、转弯制动平衡功能、上坡辅助、陡坡缓降、刹车辅助系统等等一系列主被动安全系统，可以在必要的时候为车内的人员提供更高的安全保障。@陆风汽车
		</博文><博文独立网址>http://weibo.com/1781900662/F5O9HtUJm?refer_flag=1001030103_</博文独立网址><发布时间>2017-06-01 15:40</发布时间><发布终端>微博 weibo.com</发布终端><转发数/><评论数/><点赞数/><EXPORTFLAG/></item><item><博主头像>http://tva1.sinaimg.cn/crop.0.0.180.180.50/93555fa5jw1e8qgp5bmzyj2050050aa8.jpg</博主头像><博主id>2471845797</博主id><博主>万荣交警宣教</博主><博主主页>http://weibo.com/wrjj12345?refer_flag=1001030103_</博主主页><博文>
		汽车自燃的征兆有：①仪表灯不亮；②开车时车内有异味；③车头冒出烟雾；④发动机开锅、冒烟、异味。其中仪表灯不亮多由线路短路造成，而线路短路也是造成汽车火灾的主要原因之一。遇到上述情况，应立即将车停靠在安全地带，迅速查明异常原因。 ​​​​
		</博文><博文独立网址>http://weibo.com/2471845797/F5OpTgc2w?refer_flag=1001030103_</博文独立网址><发布时间>2017-06-01 15:39</发布时间><发布终端>微博 weibo.com</发布终端><转发数/><评论数/><点赞数/><EXPORTFLAG/></item><item><博主头像>http://tva4.sinaimg.cn/crop.0.0.512.512.50/005umZtOjw8f5zdhgr99kj30e80e8t90.jpg</博主头像><博主id>5029433788</博主id><博主>丶亦旧亦久丶</博主><博主主页>http://weibo.com/u/5029433788?refer_flag=1001030103_</博主主页><博文>
		有个铁轨上推汽车的，真
		</博文><博文独立网址>http://weibo.com/2782753493/F5HvIfRIK?refer_flag=1001030103_</博文独立网址><发布时间>2017-06-01 15:39</发布时间><发布终端>微博 weibo.com</发布终端><转发数/><评论数/><点赞数/><EXPORTFLAG/></item><item><博主头像>http://tva1.sinaimg.cn/crop.0.0.817.817.50/0067CKNvgw1esl9kedirkj30mr0mrgqq.jpg</博主头像><博主id>5609467701</博主id><博主>福州网警巡查执法</博主><博主主页>http://weibo.com/u/5609467701?refer_flag=1001030103_</博主主页><博文>
		【遇到暴雨来临该怎么办？ 福州消防给您支个招】今日起，预计福州等多地有暴雨。在此@福州消防支队 给您支招：1、 注意天气情况，预防暴雨来临2、 掌握最新消息，尽量避免外出3、 远离危险地带，尽早撤离危房4、 低洼地势做好防洪准备5、检查电路、防止触电6、 身处室外，远离积水7、积水路段驾驶汽车 ​
			...展开全文c
		</博文><博文独立网址>http://weibo.com/5609467701/F5OpCp8Gl?refer_flag=1001030103_</博文独立网址><发布时间>2017-06-01 15:39</发布时间><发布终端>360安全浏览器</发布终端><转发数>1</转发数><评论数/><点赞数>1</点赞数><EXPORTFLAG/></item><item><博主头像>http://tva4.sinaimg.cn/crop.0.0.290.290.50/a28d02c1jw8ecimpegypuj2082082gll.jpg</博主头像><博主id>2727150273</博主id><博主>莂説_潙莪恏</博主><博主主页>http://weibo.com/u/2727150273?refer_flag=1001030103_</博主主页><博文>
		要开心努力的活着，摩托车厂家……各位汽车厂家……可以考虑考虑；答应自己 |苏州·DQ冰... ​
		</博文><博文独立网址>http://weibo.com/2727150273/F5OpC5UQy?refer_flag=1001030103_</博文独立网址><发布时间>2017-06-01 15:39</发布时间><发布终端>iPhone 6 Plus</发布终端><转发数/><评论数>1</评论数><点赞数/><EXPORTFLAG/></item><item><博主头像>http://tva3.sinaimg.cn/crop.0.0.720.720.50/8a8af94ajw8ejvwb9676bj20k00k0gn4.jpg</博主头像><博主id>2324363594</博主id><博主>飛虎4180</博主><博主主页>http://weibo.com/u/2324363594?refer_flag=1001030103_</博主主页><博文>
		车管所办理业务太慢，查验不按顺序就这些人要排队这么久吗？@宁波车辆管理所 @天一论坛 @东方热线汽车频道 @NBTV-3阿拉讲大道 @东南商报 |宁波·江东... ​
		</博文><博文独立网址>http://weibo.com/2324363594/F5OpuEX1V?refer_flag=1001030103_</博文独立网址><发布时间>2017-06-01 15:38</发布时间><发布终端>iPhone 5s</发布终端><转发数/><评论数/><点赞数/><EXPORTFLAG/></item></列></item></列表></extraction>