<?xml version="1.0" encoding="UTF-8"?><extraction><clueid>373892854</clueid><fullpath><![CDATA[http://s.weibo.com/weibo/%25E6%25B1%25BD%25E8%25BD%25A6&typeall=1&suball=1&timescope=custom:2016-06-01:2017-06-01-23&page=26]]></fullpath><realpath><![CDATA[http://s.weibo.com/weibo/%25E6%25B1%25BD%25E8%25BD%25A6&typeall=1&suball=1&timescope=custom:2016-06-01:2017-06-01-23&page=26]]></realpath><theme>微博关键词搜索采集</theme><middle>default</middle><createdate>2017-6-1 17:38:2</createdate><pageno>26</pageno><actionno></actionno><actionvalue></actionvalue><prestamp>DSEngine-+-ds_browser_ds_task_xp1-+-1661243166</prestamp><currentstamp>DSEngine-+-ds_browser_ds_task_xp1-+-1661263270</currentstamp><baseURI><bucketBaseURI><bucketName>list</bucketName><uri><![CDATA[http://s.weibo.com/weibo/%25E6%25B1%25BD%25E8%25BD%25A6&typeall=1&suball=1&timescope=custom:2016-06-01:2017-06-01-23&page=26]]></uri></bucketBaseURI></baseURI>
<列表><item><关键字>汽车</关键字><列><item><博主头像>http://tva4.sinaimg.cn/crop.0.0.180.180.50/4903213djw1e8qgp5bmzyj2050050aa8.jpg</博主头像><博主id>1224941885</博主id><博主>杨文战律师</博主><博主主页>http://weibo.com/lawyerywz?refer_flag=1001030103_</博主主页><博文>
		看路况应该是电瓶车闯红灯吧？如果是，狗是好狗，人就不值得夸了。另外，汽车也没逃逸，把人家定为肇事车也不合适吧？很多事不该因为一条好狗改变。//@海淀公安分局:
		</博文><博文独立网址>http://weibo.com/2803301701/F5OwCdS08?refer_flag=1001030103_</博文独立网址><发布时间>2017-06-01 16:21</发布时间><发布终端>微博 weibo.com</发布终端><转发数/><评论数/><点赞数/><EXPORTFLAG/></item><item><博主头像>http://tva1.sinaimg.cn/crop.0.0.180.180.50/7dca2d12jw1e8qgp5bmzyj2050050aa8.jpg</博主头像><博主id>2110401810</博主id><博主>贵阳市城市管理局</博主><博主主页>http://weibo.com/u/2110401810?refer_flag=1001030103_</博主主页><博文>
		【环卫之声】南明区环管站全面排查环卫基础设施安全隐患按照上级部门工作要求，南明区环管站结合入夏以来环卫工作实际，进一步深化辖区环卫基础设施安全隐患排查治理工作，及时消除事故隐患。从5月1日起，组织站属技安科、清扫队、汽车场、督查科等业务科室组成安全工作检查小组，针对环卫作业车辆车 ​
			...展开全文c
		</博文><博文独立网址>http://weibo.com/2110401810/F5OGKpMCW?refer_flag=1001030103_</博文独立网址><发布时间>2017-06-01 16:21</发布时间><发布终端>微博 weibo.com</发布终端><转发数/><评论数/><点赞数/><EXPORTFLAG/></item><item><博主头像>http://tva4.sinaimg.cn/crop.0.0.481.481.50/df6cace5gw1edr51fnwboj20e50dgwjn.jpg</博主头像><博主id>3748441317</博主id><博主>静炯神</博主><博主主页>http://weibo.com/u/3748441317?refer_flag=1001030103_</博主主页><博文>
		#六一儿童节# 看着想哭@汽车迷Janson @甜甜雪子 @木子笨鸟 
		</博文><博文独立网址>http://weibo.com/1709486153/F5Faj5U4z?refer_flag=1001030103_</博文独立网址><发布时间>2017-06-01 16:21</发布时间><发布终端>360安全浏览器</发布终端><转发数/><评论数/><点赞数/><EXPORTFLAG/></item><item><博主头像>http://tva4.sinaimg.cn/crop.0.0.180.180.50/7529f3eajw1e8qgp5bmzyj2050050aa8.jpg</博主头像><博主id>1965683690</博主id><博主>新都资讯</博主><博主主页>http://weibo.com/u/1965683690?refer_flag=1001030103_</博主主页><博文>
		#小新百科#【涨姿势！99%的人不知的汽车隐藏功能！】后备箱的逃生开关你知道在哪里吗？汽车钥匙上的救命功能在哪？不知道如何在熄火后关车窗？你太不了解你的车了！九图，了解那些汽车的隐藏功能！ ​
		</博文><博文独立网址>http://weibo.com/1965683690/F5OGA2SQ9?refer_flag=1001030103_</博文独立网址><发布时间>2017-06-01 16:21</发布时间><发布终端>微博 weibo.com</发布终端><转发数/><评论数/><点赞数/><EXPORTFLAG/></item><item><博主头像>http://tvax3.sinaimg.cn/default/images/default_avatar_male_50.gif</博主头像><博主id>5120957122</博主id><博主>玲珑塔W</博主><博主主页>http://weibo.com/u/5120957122?refer_flag=1001030103_</博主主页><博文>
		【汽车报废又有新规，你的车可能开不了多久了，摸清规则避免损失！】 |阳光宽频网 ​
		</博文><博文独立网址>http://weibo.com/5120957122/F5OGouBvh?refer_flag=1001030103_</博文独立网址><发布时间>2017-06-01 16:20</发布时间><发布终端>今日头条</发布终端><转发数/><评论数/><点赞数/><EXPORTFLAG/></item><item><博主头像>http://tvax3.sinaimg.cn/crop.0.0.996.996.50/7d23997dly8fg4y1qpul7j20ro0ro40r.jpg</博主头像><博主id>2099485053</博主id><博主>才财</博主><博主主页>http://weibo.com/yy1f?refer_flag=1001030103_</博主主页><博文>
		追求释放，渴望超越。我正在使用“汽车之旅”会员专属模板，你也来一键换装吧！ http://weibo.com/home?skinId=skinvip410 ​
		</博文><博文独立网址>http://weibo.com/2099485053/F5OGn2Ze0?refer_flag=1001030103_</博文独立网址><发布时间>2017-06-01 16:20</发布时间><发布终端>微博 weibo.com</发布终端><转发数/><评论数/><点赞数/><EXPORTFLAG/></item><item><博主头像>http://tva3.sinaimg.cn/crop.0.0.180.180.50/c1b528b7jw1e8qgp5bmzyj2050050aa8.jpg</博主头像><博主id>3249875127</博主id><博主>海淘掌门人</博主><博主主页>http://weibo.com/haitaozhangmenren?refer_flag=1001030103_</博主主页><博文>
		【ResQMe随身汽车逃生钥匙挂】$9.17体积只有3英寸长，可以挂在钥匙扣上，在车辆遭遇紧急情况之后，把尾部对准汽车边窗玻璃，然后用力一压，隐藏的撞针便会释放出来，瞬间击碎窗玻璃。可重复使用。此外还带有安全带切割工具。随身携带一个很有必要！网页链接 ​
		</博文><博文独立网址>http://weibo.com/3249875127/F5OGebK6o?refer_flag=1001030103_</博文独立网址><发布时间>2017-06-01 16:20</发布时间><发布终端>微博 weibo.com</发布终端><转发数/><评论数/><点赞数/><EXPORTFLAG/></item><item><博主头像>http://tva4.sinaimg.cn/crop.0.0.1152.1152.50/5170a9ffjw8eqkwn88yprj20w00w0q8e.jpg</博主头像><博主id>1366338047</博主id><博主>张杰的博</博主><博主主页>http://weibo.com/u/1366338047?refer_flag=1001030103_</博主主页><博文>
		比亚迪E6这款车15年国地两级补贴最高十几万，今年补贴退坡后补贴只有6万6。新能源汽车这个行业生也补贴亡也补贴。 ​
		</博文><博文独立网址>http://weibo.com/1366338047/F5OGbcODh?refer_flag=1001030103_</博文独立网址><发布时间>2017-06-01 16:20</发布时间><发布终端>360安全浏览器</发布终端><转发数/><评论数/><点赞数/><EXPORTFLAG/></item><item><博主头像>http://tva3.sinaimg.cn/crop.0.0.180.180.50/69c94e53jw1e8qgp5bmzyj2050050aa8.jpg</博主头像><博主id>1774800467</博主id><博主>投资界微博</博主><博主主页>http://weibo.com/pedaily?refer_flag=1001030103_</博主主页><博文>
		【专访蔚来汽车董事长李斌：最关注汽车量产 而不是IPO】当前，李斌在行业动作频频，其蔚来汽车刚完成新一轮融资，由百度资本、腾讯领投，蔚来汽车还邀请了前新东方CFO谢东萤（Louis T.Hsieh）加入，担任（CFO），负责上市融资项目。|专访蔚来汽... ​
		</博文><博文独立网址>http://weibo.com/1774800467/F5OGan3T7?refer_flag=1001030103_</博文独立网址><发布时间>2017-06-01 16:20</发布时间><发布终端>投资界</发布终端><转发数>4</转发数><评论数>1</评论数><点赞数/><EXPORTFLAG/></item><item><博主头像>http://tva2.sinaimg.cn/crop.31.31.768.768.50/006CE46Fjw8fa4c2c3kfuj30m80m8wfk.jpg</博主头像><博主id>6067846669</博主id><博主>长合汽车金融</博主><博主主页>http://weibo.com/changheqc?refer_flag=1001030103_</博主主页><博文>
		#长合汽车# #爱车常识# 今天，咱们就来聊聊，哪些老司机口中盛传的秘籍非但不省油，严重的还会影响车辆的寿命。30秒懂车的... ​
		</博文><博文独立网址>http://weibo.com/6067846669/F5OG8AqNC?refer_flag=1001030103_</博文独立网址><发布时间>2017-06-01 16:19</发布时间><发布终端>360安全浏览器</发布终端><转发数/><评论数/><点赞数/><EXPORTFLAG/></item><item><博主头像>http://tva4.sinaimg.cn/crop.0.0.640.640.50/006kP0WZjw8f1uk5rknklj30hs0hsdh2.jpg</博主头像><博主id>5804482097</博主id><博主>两个K一个W</博主><博主主页>http://weibo.com/2k1w?refer_flag=1001030103_</博主主页><博文>
		『苏菲玛索之后，DS代言人王凯又将开启怎样的新篇章-汽车频道-手机搜狐』|苏菲玛索之... ​
		</博文><博文独立网址>http://weibo.com/5804482097/F5OG807Kx?refer_flag=1001030103_</博文独立网址><发布时间>2017-06-01 16:19</发布时间><发布终端>凯买7不买iPhone 7 Plus</发布终端><转发数/><评论数/><点赞数>1</点赞数><EXPORTFLAG/></item><item><博主头像>http://tvax4.sinaimg.cn/crop.0.26.1242.1242.50/87a7ac11ly8fdgnzigh1qj20yi0zymzt.jpg</博主头像><博主id>2275912721</博主id><博主>雅悦--非著名投资顾问</博主><博主主页>http://weibo.com/u/2275912721?refer_flag=1001030103_</博主主页><博文>
		#雅悦看盘# 【大陆将发布电动车无线感应充电技术】大陆计划在今年6月的大陆技术展及今年9月的法兰克福汽车展上展示其感应充电技术，该技术被应用于电动车辆，操作简便易用。该技术采用无线充电方式，借助安装于地面上的充电垫，将电能传输到车辆底部的电力接收垫，为电动车充电。（搜狐汽车） ​
		</博文><博文独立网址>http://weibo.com/2275912721/F5OG5i96J?refer_flag=1001030103_</博文独立网址><发布时间>2017-06-01 16:19</发布时间><发布终端>红米Note 3</发布终端><转发数/><评论数/><点赞数/><EXPORTFLAG/></item><item><博主头像>http://tva3.sinaimg.cn/crop.0.0.712.712.50/eda7106bjw8f1s1vg8oh8j20js0jstan.jpg</博主头像><博主id>3987148907</博主id><博主>1嗰暖水瓶</博主><博主主页>http://weibo.com/u/3987148907?refer_flag=1001030103_</博主主页><博文>
		请问你对自己汽车是怎么定义，工具…玩具…摆件 |南京·殷巷 ​
		</博文><博文独立网址>http://weibo.com/3987148907/F5OG3AjFE?refer_flag=1001030103_</博文独立网址><发布时间>2017-06-01 16:19</发布时间><发布终端>魅蓝 E</发布终端><转发数/><评论数/><点赞数/><EXPORTFLAG/></item><item><博主头像>http://tva2.sinaimg.cn/crop.0.0.179.179.50/a63fbc02jw1f96lraunucj2050050aa2.jpg</博主头像><博主id>2789194754</博主id><博主>中国交通广播</博主><博主主页>http://weibo.com/gsglgb?refer_flag=1001030103_</博主主页><博文>
		【“共享汽车”将出新规：落实汽车租赁身份查验制度 鼓励规范有序发展】由交通运输部会同住房和城乡建设部制定的《关于促进汽车租赁业健康发展的指导意见(征求意见稿)》(以下简称《征求意见稿》)向社会公开征求意见，为期两周。《征求意见稿》明确，落实汽车租赁身份查验制度，对身份不明或者拒绝身份 ​
			...展开全文c
		</博文><博文独立网址>http://weibo.com/2789194754/F5OG2EjLP?refer_flag=1001030103_</博文独立网址><发布时间>2017-06-01 16:19</发布时间><发布终端>专业版微博</发布终端><转发数/><评论数>2</评论数><点赞数>4</点赞数><EXPORTFLAG/></item><item><博主头像>http://tva3.sinaimg.cn/crop.0.0.180.180.50/4d49d9f1jw1e8qgp5bmzyj2050050aa8.jpg</博主头像><博主id>1296685553</博主id><博主>长安轿车商丘威达4S店</博主><博主主页>http://weibo.com/u/1296685553?refer_flag=1001030103_</博主主页><博文>
		发表了博文《开车时听到这7种响声不检查“很伤车”》车子开久了，有时候难免会出现一些响声，是汽车故障的“报警器”。在行驶中突然发出异响，作为司机应意识到车子出了问题，应立即停车检查，切不可让爱车“带病工|开车时听到... ​
		</博文><博文独立网址>http://weibo.com/1296685553/F5OG1bKR2?refer_flag=1001030103_</博文独立网址><发布时间>2017-06-01 16:19</发布时间><发布终端>新浪博客</发布终端><转发数/><评论数/><点赞数/><EXPORTFLAG/></item><item><博主头像>http://tvax2.sinaimg.cn/crop.0.6.499.499.50/69866dfely8ffe0aornfqj20dv0e8753.jpg</博主头像><博主id>1770417662</博主id><博主>Y_Andante</博主><博主主页>http://weibo.com/andantehika?refer_flag=1001030103_</博主主页><博文>
		不管是汽车、口红、人脸还是手枪 全都认不出来。。。//@科学家种太阳: 「但我能认出不同的手枪」
		</博文><博文独立网址>http://weibo.com/1651047542/F5NMYvBxg?refer_flag=1001030103_</博文独立网址><发布时间>2017-06-01 16:19</发布时间><发布终端>HUAWEI Mate 8</发布终端><转发数/><评论数/><点赞数/><EXPORTFLAG/></item><item><博主头像>http://tva2.sinaimg.cn/crop.48.14.144.144.50/bfb0767fgw1ee2caw4oi9j206p04vwei.jpg</博主头像><博主id>3216012927</博主id><博主>广汽传祺宜春华祺店</博主><博主主页>http://weibo.com/u/3216012927?refer_flag=1001030103_</博主主页><博文>
		传祺GS4现直降6000元 欢迎垂询 （分享自 @汽车之家） 网页链接 ​
		</博文><博文独立网址>http://weibo.com/3216012927/F5OFPmLlP?refer_flag=1001030103_</博文独立网址><发布时间>2017-06-01 16:19</发布时间><发布终端>汽车之家</发布终端><转发数/><评论数/><点赞数/><EXPORTFLAG/></item><item><博主头像>http://tva4.sinaimg.cn/crop.0.4.640.640.50/3fac26acjw8fapn0urb7tj20hs0i0q3g.jpg</博主头像><博主id>1068246700</博主id><博主>南京零距离</博主><博主主页>http://weibo.com/jscity?refer_flag=1001030103_</博主主页><博文>
		#南京身边事#【南林大“生态停车场” 给汽车撑起遮阳伞】在南京主城区有不少老旧小区存在停车难问题，为此，东南大学、南京师范大学等8所高校在五年前就将内部停车场错时对外开放，以缓解周边居民停车难问题。作为玄武大道环境综合整治的一部分，此前是水泥地面的南京林业大学停车场，已提升改造成了一 ​
			...展开全文c
		</博文><博文独立网址>http://weibo.com/1068246700/F5OFN0Uf3?refer_flag=1001030103_</博文独立网址><发布时间>2017-06-01 16:19</发布时间><发布终端>360安全浏览器</发布终端><转发数>8</转发数><评论数>8</评论数><点赞数>7</点赞数><EXPORTFLAG/></item><item><博主头像>http://tva3.sinaimg.cn/crop.88.88.222.222.50/eae7e130jw8f1cwo42nx1j20b40b40sj.jpg</博主头像><博主id>3941065008</博主id><博主>躲避僵尸的黑匣子</博主><博主主页>http://weibo.com/u/3941065008?refer_flag=1001030103_</博主主页><博文>
		【这B装的我给满分！】2009年，某人参观上海汽车博览会，玛莎拉蒂展区要求登记入场，引起某人不满，于是，某人给玛莎拉蒂工作人上了一番荡气回肠的营销课：这个品牌知名度不高,他们用一种很拙劣的营销行为.........直到意大利设计师出现.......网页链接 ​
		</博文><博文独立网址>http://weibo.com/3941065008/F5OFM5GNn?refer_flag=1001030103_</博文独立网址><发布时间>2017-06-01 16:19</发布时间><发布终端>iPhone SE</发布终端><转发数/><评论数/><点赞数/><EXPORTFLAG/></item><item><博主头像>http://tva2.sinaimg.cn/crop.48.14.144.144.50/bfb0767fgw1ee2caw4oi9j206p04vwei.jpg</博主头像><博主id>3216012927</博主id><博主>广汽传祺宜春华祺店</博主><博主主页>http://weibo.com/u/3216012927?refer_flag=1001030103_</博主主页><博文>
		传祺GA3S新能源欢迎垂询 16.48万起售 （分享自 @汽车之家） 网页链接 ​
		</博文><博文独立网址>http://weibo.com/3216012927/F5OFJrxf4?refer_flag=1001030103_</博文独立网址><发布时间>2017-06-01 16:18</发布时间><发布终端>汽车之家</发布终端><转发数/><评论数/><点赞数/><EXPORTFLAG/></item></列></item></列表></extraction>