<?xml version="1.0" encoding="UTF-8"?><extraction><clueid>373892854</clueid><fullpath><![CDATA[http://s.weibo.com/weibo/%25E6%25B1%25BD%25E8%25BD%25A6&typeall=1&suball=1&timescope=custom:2016-06-01:2017-06-01-23&page=43]]></fullpath><realpath><![CDATA[http://s.weibo.com/weibo/%25E6%25B1%25BD%25E8%25BD%25A6&typeall=1&suball=1&timescope=custom:2016-06-01:2017-06-01-23&page=43]]></realpath><theme>微博关键词搜索采集</theme><middle>default</middle><createdate>2017-6-1 17:43:37</createdate><pageno>43</pageno><actionno></actionno><actionvalue></actionvalue><prestamp>DSEngine-+-ds_browser_ds_task_xp1-+-1661579275</prestamp><currentstamp>DSEngine-+-ds_browser_ds_task_xp1-+-1661598838</currentstamp><baseURI><bucketBaseURI><bucketName>list</bucketName><uri><![CDATA[http://s.weibo.com/weibo/%25E6%25B1%25BD%25E8%25BD%25A6&typeall=1&suball=1&timescope=custom:2016-06-01:2017-06-01-23&page=43]]></uri></bucketBaseURI></baseURI>
<列表><item><关键字>汽车</关键字><列><item><博主头像>http://tva2.sinaimg.cn/crop.0.0.180.180.50/a0c7263ejw1e8qgp5bmzyj2050050aa8.jpg</博主头像><博主id>2697406014</博主id><博主>拆车坊</博主><博主主页>http://weibo.com/chaichefang?refer_flag=1001030103_</博主主页><博文>
		快递车司机花样作死，女司机沉着冷静我服！#汽车的那些事儿# 秒拍视频 ​
		</博文><博文独立网址>http://weibo.com/2697406014/F5OpqiFwk?refer_flag=1001030103_</博文独立网址><发布时间>2017-06-01 15:38</发布时间><发布终端>快充长续航魅蓝 Note5</发布终端><转发数>4</转发数><评论数>8</评论数><点赞数>7</点赞数><EXPORTFLAG/></item><item><博主头像>http://tva3.sinaimg.cn/crop.0.0.1092.1092.50/006nfTt3jw8fcq2adcoysj30uc0udq6r.jpg</博主头像><博主id>5840440861</博主id><博主>神汽在线官微</博主><博主主页>http://weibo.com/u/5840440861?refer_flag=1001030103_</博主主页><博文>
		回想起两年前刚搬到西溪创意园桌椅电脑花草全部diy楼上办公，楼下仓库技术哥哥们写完代码，去搬货健身现在后浪一茬茬涌现，前浪不断成长两幢楼都快坐不下了光荣与梦想，我们在一起
			...展开全文c
		</博文><博文独立网址>http://weibo.com/5840440861/F5OppFhPe?refer_flag=1001030103_</博文独立网址><发布时间>2017-06-01 15:38</发布时间><发布终端>专业版微博</发布终端><转发数/><评论数/><点赞数/><EXPORTFLAG/></item><item><博主头像>http://tvax4.sinaimg.cn/crop.0.0.1125.1125.50/7c6631d5ly8ffnm6txvg8j20v90v9wge.jpg</博主头像><博主id>2087072213</博主id><博主>懂么伐懂是我</博主><博主主页>http://weibo.com/fasnaker?refer_flag=1001030103_</博主主页><博文>
		应该谢谢阿隆索义无反顾的超过了自己的队友，使得他在慌乱中按下了汽车系统重启按钮。
		</博文><博文独立网址>http://weibo.com/1909284043/F5OceETvm?refer_flag=1001030103_</博文独立网址><发布时间>2017-06-01 15:38</发布时间><发布终端>微博 weibo.com</发布终端><转发数>2</转发数><评论数/><点赞数/><EXPORTFLAG/></item><item><博主头像>http://tva3.sinaimg.cn/crop.0.0.180.180.50/b0b6dba2jw1e8qgp5bmzyj2050050aa8.jpg</博主头像><博主id>2964773794</博主id><博主>语音小伙子丶</博主><博主主页>http://weibo.com/u/2964773794?refer_flag=1001030103_</博主主页><博文>
		海马汽车一定会更好，支持的人很多 //@海马M6: 即日起至2017年5月14日，为受到暴雨影响的海马汽车车主特设：车辆免费检测、维修绿色通道、延长服务时间、专项技术支持、紧急救援服务、保险理赔协助、发动机和空调系统养护及蓄电池以旧换新活动等8大暖心关怀服务。mark住，转需~
		</博文><博文独立网址>http://weibo.com/1782430373/F2jIbz3e7?refer_flag=1001030103_</博文独立网址><发布时间>2017-06-01 15:38</发布时间><发布终端>搜狗高速浏览器</发布终端><转发数/><评论数/><点赞数/><EXPORTFLAG/></item><item><博主头像>http://tva3.sinaimg.cn/crop.0.14.750.750.50/740fdc69jw8f7cf339o6mj20ku0lndgr.jpg</博主头像><博主id>1947196521</博主id><博主>长腿叔叔-Enzo耳东</博主><博主主页>http://weibo.com/u/1947196521?refer_flag=1001030103_</博主主页><博文>
		给二奶换个肤色，也给自己换换磁场还在犹豫红色还是蓝色现在车管所办理业务都越来越便捷了，期待新容颜#汽车改色贴膜# |中山·大岭... ​
		</博文><博文独立网址>http://weibo.com/1947196521/F5Opd11AX?refer_flag=1001030103_</博文独立网址><发布时间>2017-06-01 15:38</发布时间><发布终端>iPhone 6</发布终端><转发数/><评论数/><点赞数/><EXPORTFLAG/></item><item><博主头像>http://tvax4.sinaimg.cn/crop.0.0.638.638.50/83f36334ly1fcawvbtj7rj20hs0hs0vz.jpg</博主头像><博主id>2213765940</博主id><博主>Longinus-_-</博主><博主主页>http://weibo.com/u/2213765940?refer_flag=1001030103_</博主主页><博文>
		现在想退出汽车行业 认真的
		</博文><博文独立网址>http://weibo.com/2213765940/DmIVp0aDo?refer_flag=1001030103_</博文独立网址><发布时间>2017-06-01 15:38</发布时间><发布终端>索尼Z3</发布终端><转发数/><评论数>1</评论数><点赞数>1</点赞数><EXPORTFLAG/></item><item><博主头像>http://tva4.sinaimg.cn/crop.0.0.199.199.50/4c674969jw1exfj5gzyzzj205k05kq37.jpg</博主头像><博主id>1281837417</博主id><博主>下一秒神奇</博主><博主主页>http://weibo.com/579999322?refer_flag=1001030103_</博主主页><博文>
		妹子和男朋友吵架，拿他的汽车出气。→_→ 最后妹子懵逼的跑了，真是气糊涂了。 秒拍视频 ​
		</博文><博文独立网址>http://weibo.com/1281837417/F5Op74kPx?refer_flag=1001030103_</博文独立网址><发布时间>2017-06-01 15:38</发布时间><发布终端>秒拍网页版</发布终端><转发数>1</转发数><评论数/><点赞数>1</点赞数><EXPORTFLAG/></item><item><博主头像>http://tva3.sinaimg.cn/crop.27.67.262.262.50/5029caf6tw1e7rna9j3hcj208v0c60tu.jpg</博主头像><博主id>1344916214</博主id><博主>西美老孟</博主><博主主页>http://weibo.com/u/1344916214?refer_flag=1001030103_</博主主页><博文>
		发表了博文《孟胜利的诗/我又一次想到了你》孟胜利的诗我又一次想到了你后半夜，在工作的空闲，我喜欢在大院里走一走，听一听汽车的轰鸣；也会仰视头顶的天空——大地承接了那么多的苦难天空包容了那么多的灵魂而我|孟胜利的诗... ​
		</博文><博文独立网址>http://weibo.com/1344916214/F5Op2BPE7?refer_flag=1001030103_</博文独立网址><发布时间>2017-06-01 15:37</发布时间><发布终端>新浪博客</发布终端><转发数/><评论数/><点赞数/><EXPORTFLAG/></item><item><博主头像>http://tva4.sinaimg.cn/crop.165.141.314.314.50/7d103b2cjw8f9eqik8s9oj20hs0gowew.jpg</博主头像><博主id>2098215724</博主id><博主>太平洋汽车网贵阳站</博主><博主主页>http://weibo.com/pcautogy?refer_flag=1001030103_</博主主页><博文>
		六一致敬:那些让我们深陷汽车世界的游戏|六一致敬:... ​
		</博文><博文独立网址>http://weibo.com/2098215724/F5OoTbBMZ?refer_flag=1001030103_</博文独立网址><发布时间>2017-06-01 15:37</发布时间><发布终端>专业版微博</发布终端><转发数/><评论数/><点赞数/><EXPORTFLAG/></item><item><博主头像>http://tva4.sinaimg.cn/crop.0.1.1242.1242.50/6ebcb7b0jw8f0bx0rycjlj20yi0yk76d.jpg</博主头像><博主id>1857861552</博主id><博主>LM_RACING_LIMITED</博主><博主主页>http://weibo.com/louismark?refer_flag=1001030103_</博主主页><博文>
		#汽车改装# EXART iVSC 981完全伍共振的超跑升级 718 718S iVSC接受预约 |上海·LMRac... ​
		</博文><博文独立网址>http://weibo.com/1857861552/F5OoPmQD2?refer_flag=1001030103_</博文独立网址><发布时间>2017-06-01 15:37</发布时间><发布终端>iPhone 6s</发布终端><转发数/><评论数/><点赞数/><EXPORTFLAG/></item><item><博主头像>http://tva2.sinaimg.cn/crop.0.0.180.180.50/9c11566bjw1e8qgp5bmzyj2050050aa8.jpg</博主头像><博主id>2618381931</博主id><博主>怀化新闻网</博主><博主主页>http://weibo.com/0745newscn?refer_flag=1001030103_</博主主页><博文>
		#怀化新闻网##怀化身边事##怀化#【怀化汽车东站十字路口已安装临时红绿灯】近日，有市民在网上反映，由于汽车东站路口新修的道路开通，原本的丁字路口变成了十字路口，车流量急剧增多，过往车辆和人群碰撞的隐患较大。|怀化汽车东... ​
		</博文><博文独立网址>http://weibo.com/2618381931/F5OoGb9Er?refer_flag=1001030103_</博文独立网址><发布时间>2017-06-01 15:36</发布时间><发布终端>怀化新闻网</发布终端><转发数/><评论数/><点赞数/><EXPORTFLAG/></item><item><博主头像>http://tva2.sinaimg.cn/crop.25.47.254.254.50/005uCxzEtw1ef2owmog0fj308t0ac0t9.jpg</博主头像><博主id>5033139766</博主id><博主>长安汽车_威海顺成4S店</博主><博主主页>http://weibo.com/u/5033139766?refer_flag=1001030103_</博主主页><博文>
		@长安汽车 @长安汽车客户服务
		</博文><博文独立网址>http://weibo.com/2600497597/F5M1Tjqlk?refer_flag=1001030103_</博文独立网址><发布时间>2017-06-01 15:36</发布时间><发布终端>微博 weibo.com</发布终端><转发数/><评论数/><点赞数/><EXPORTFLAG/></item><item><博主头像>http://tvax1.sinaimg.cn/crop.0.0.996.996.50/006jQbCely8fekx8vwjtqj30ro0ro76d.jpg</博主头像><博主id>5789985086</博主id><博主>身高不足180</博主><博主主页>http://weibo.com/u/5789985086?refer_flag=1001030103_</博主主页><博文>
		昨天去的北京汽车博物馆……值得看的车很多…… |北京·北京... ​
		</博文><博文独立网址>http://weibo.com/5789985086/F5OoDvNkl?refer_flag=1001030103_</博文独立网址><发布时间>2017-06-01 15:36</发布时间><发布终端>荣耀8 美得与众不同</发布终端><转发数/><评论数/><点赞数>1</点赞数><EXPORTFLAG/></item><item><博主头像>http://tva4.sinaimg.cn/crop.0.0.180.180.50/a8cab576jw1e8qgp5bmzyj2050050aa8.jpg</博主头像><博主id>2831857014</博主id><博主>城阳交警棘洪滩中队</博主><博主主页>http://weibo.com/u/2831857014?refer_flag=1001030103_</博主主页><博文>
		【  超全！364种汽车标志，据说很少有人能认全】
		</博文><博文独立网址>http://weibo.com/1943128881/F5MCUFvdA?refer_flag=1001030103_</博文独立网址><发布时间>2017-06-01 15:36</发布时间><发布终端>360安全浏览器</发布终端><转发数>1</转发数><评论数/><点赞数/><EXPORTFLAG/></item><item><博主头像>http://tva3.sinaimg.cn/crop.7.3.192.192.50/783e5c31jw8f13i3stwpdj205k05kq2u.jpg</博主头像><博主id>2017352753</博主id><博主>安徽万通汽车专修学院</博主><博主主页>http://weibo.com/wtqxjy?refer_flag=1001030103_</博主主页><博文>
		#六一儿童节# #万通极速少年#重拾汽车梦吧，快来 ​​​​ ​
		</博文><博文独立网址>http://weibo.com/2017352753/F5Oonylvt?refer_flag=1001030103_</博文独立网址><发布时间>2017-06-01 15:36</发布时间><发布终端>微博 weibo.com</发布终端><转发数/><评论数/><点赞数/><EXPORTFLAG/></item><item><博主头像>http://tva4.sinaimg.cn/crop.8.0.137.137.50/b915ba49jw8f4s6maaxh9j204503t0sr.jpg</博主头像><博主id>3105208905</博主id><博主>七台河市交通运输局</博主><博主主页>http://weibo.com/u/3105208905?refer_flag=1001030103_</博主主页><博文>
		#交.动态#七台河市公共汽车公司圆满完成端午节期间客运任务端午节期间，为保障广大市民安全、便捷、顺畅出行，市公共汽车公司根据各条线路特征和市民出行规律，有针对性的预先制定运营预案，适时科学调整每条线路的班次点次，保证首末班车正点率。在节日三天里，市内26条公交线路共计投放公交车辆393 ​
			...展开全文c
		</博文><博文独立网址>http://weibo.com/3105208905/F5OonhP6b?refer_flag=1001030103_</博文独立网址><发布时间>2017-06-01 15:36</发布时间><发布终端>360安全浏览器</发布终端><转发数/><评论数/><点赞数/><EXPORTFLAG/></item><item><博主头像>http://tva1.sinaimg.cn/crop.0.0.180.180.50/8eb75533jw1e8qgp5bmzyj2050050aa8.jpg</博主头像><博主id>2394379571</博主id><博主>纳智捷武汉华麒汽车生活馆</博主><博主主页>http://weibo.com/nzjwhhq?refer_flag=1001030103_</博主主页><博文>
		【预防汽车自燃的一些办法】1.定期保养2.谨慎改装3.选择合适的位置停车4.不将易燃物放在车上 ​
		</博文><博文独立网址>http://weibo.com/2394379571/F5OoizPjz?refer_flag=1001030103_</博文独立网址><发布时间>2017-06-01 15:36</发布时间><发布终端>皮皮时光机</发布终端><转发数/><评论数/><点赞数/><EXPORTFLAG/></item><item><博主头像>http://tva2.sinaimg.cn/crop.204.216.1461.1461.50/d9ae1262gw1e6z6ghwforj21e01e00y6.jpg</博主头像><博主id>3652063842</博主id><博主>控制与传动-Control-Drive</博主><博主主页>http://weibo.com/ControlAndDrive?refer_flag=1001030103_</博主主页><博文>
		【新能源汽车产业政策深度解读】新能源汽车补贴是国家扶持汽车产业向纯电动汽车转型的政策举措，其目标是节能减排直至清洁能源零排放，补贴对象为私人购买、整车租赁及电池租赁三种，但是由于车企骗补现象严重，车企技术方向仍旧停留在混合动力及燃料电池两个领域，新能源车补贴政策不得不有所改变，那 ​
			...展开全文c
		</博文><博文独立网址>http://weibo.com/3652063842/F5OodvUoA?refer_flag=1001030103_</博文独立网址><发布时间>2017-06-01 15:35</发布时间><发布终端>微博 weibo.com</发布终端><转发数/><评论数/><点赞数/><EXPORTFLAG/></item><item><博主头像>http://tvax2.sinaimg.cn/crop.0.0.750.750.50/c1e4171aly8ff6tm07scxj20ku0ku3z0.jpg</博主头像><博主id>3252950810</博主id><博主>Fecko-</博主><博主主页>http://weibo.com/u/3252950810?refer_flag=1001030103_</博主主页><博文>
		雷克萨斯GSF征战GOLD RUSH RALLY，最炫酷最疯狂的公路旅行 分享自@汽车之家 网页链接 ​
		</博文><博文独立网址>http://weibo.com/3252950810/F5OoaiRnb?refer_flag=1001030103_</博文独立网址><发布时间>2017-06-01 15:35</发布时间><发布终端>汽车之家iPhone版</发布终端><转发数/><评论数/><点赞数/><EXPORTFLAG/></item></列></item></列表></extraction>