<?xml version="1.0" encoding="UTF-8"?><extraction><clueid>373892854</clueid><fullpath><![CDATA[http://s.weibo.com/weibo/%25E6%25B1%25BD%25E8%25BD%25A6&typeall=1&suball=1&timescope=custom:2016-06-01:2017-06-01-23&page=36]]></fullpath><realpath><![CDATA[http://s.weibo.com/weibo/%25E6%25B1%25BD%25E8%25BD%25A6&typeall=1&suball=1&timescope=custom:2016-06-01:2017-06-01-23&page=36]]></realpath><theme>微博关键词搜索采集</theme><middle>default</middle><createdate>2017-6-1 17:41:19</createdate><pageno>36</pageno><actionno></actionno><actionvalue></actionvalue><prestamp>DSEngine-+-ds_browser_ds_task_xp1-+-1661440837</prestamp><currentstamp>DSEngine-+-ds_browser_ds_task_xp1-+-1661460175</currentstamp><baseURI><bucketBaseURI><bucketName>list</bucketName><uri><![CDATA[http://s.weibo.com/weibo/%25E6%25B1%25BD%25E8%25BD%25A6&typeall=1&suball=1&timescope=custom:2016-06-01:2017-06-01-23&page=36]]></uri></bucketBaseURI></baseURI>
<列表><item><关键字>汽车</关键字><列><item><博主头像>http://tva2.sinaimg.cn/crop.0.0.180.180.50/97034671jw1e8qgp5bmzyj2050050aa8.jpg</博主头像><博主id>2533574257</博主id><博主>周口晚报zkwb</博主><博主主页>http://weibo.com/u/2533574257?refer_flag=1001030103_</博主主页><博文>
		【主人骑车被撞，忠犬护主猛追肇事车】5月24日江苏张家港市，一女子骑电瓶车通过十字路口时被小轿车刮倒。女子倒地后电瓶车上跳下一只小狗，追上肇事汽车，与司机一起回到女主人身边，所幸女子并无大碍。女子说，小狗很忠心，轻易见不得她吃亏。 澎湃新闻的... ​
		</博文><博文独立网址>http://weibo.com/2533574257/F5Ox1iLTd?refer_flag=1001030103_</博文独立网址><发布时间>2017-06-01 15:57</发布时间><发布终端>分享按钮</发布终端><转发数/><评论数/><点赞数>1</点赞数><EXPORTFLAG/></item><item><博主头像>http://tva4.sinaimg.cn/crop.0.0.179.179.50/4cd74ebagw1ej0f42z5c5j2050050t8z.jpg</博主头像><博主id>1289178810</博主id><博主>昆山安蒂克精密五金工具有限公司</博主><博主主页>http://weibo.com/ksantiquetools?refer_flag=1001030103_</博主主页><博文>
		瓦尔特-蒂泰克斯 (Walter Titex) X▪​treme 是通用机械制造业、模具行业、汽车行业和能源行业的整体硬质合金高效钻头。事实和优势：与传统的整体硬质合金孔加工刀具相比，生产效率提高 50 %适用于 P、K、M、N、S、H 组工件材料完美适用于出口为斜面和贯穿孔的场合通过四个刃带改善孔加工质量 ​
		</博文><博文独立网址>http://weibo.com/1289178810/F5OwVqBWQ?refer_flag=1001030103_</博文独立网址><发布时间>2017-06-01 15:57</发布时间><发布终端>360安全浏览器</发布终端><转发数/><评论数/><点赞数/><EXPORTFLAG/></item><item><博主头像>http://tva4.sinaimg.cn/crop.0.0.1242.1242.50/006zYmY5jw8f8a9le53mpj30yi0yimz9.jpg</博主头像><博主id>6028356725</博主id><博主>实惠控</博主><博主主页>http://weibo.com/u/6028356725?refer_flag=1001030103_</博主主页><博文>
		#汽车# 平安符水晶葫芦车内饰品【8.8】网页链接  |汽车香水挂... ​
		</博文><博文独立网址>http://weibo.com/6028356725/F5OwUtqjg?refer_flag=1001030103_</博文独立网址><发布时间>2017-06-01 15:57</发布时间><发布终端>微博 weibo.com</发布终端><转发数/><评论数/><点赞数/><EXPORTFLAG/></item><item><博主头像>http://tva1.sinaimg.cn/crop.0.0.960.960.50/65c5e6e2jw8erkmj4z0y3j20qo0qotbt.jpg</博主头像><博主id>1707468514</博主id><博主>乌露露lulu</博主><博主主页>http://weibo.com/u/1707468514?refer_flag=1001030103_</博主主页><博文>
		#好奇心日报# 大公司头条：今天起，看新闻、写新闻、玩无人机都要实名了；百度称又要开发无人车，跟欧洲最大汽车配件供应商大陆集团合作；苹果可能在下周发布语音控制智能音箱，还有 5 台新电脑网页链接 ​
		</博文><博文独立网址>http://weibo.com/1707468514/F5OwRi7HL?refer_flag=1001030103_</博文独立网址><发布时间>2017-06-01 15:57</发布时间><发布终端>好奇心日报客户端</发布终端><转发数/><评论数/><点赞数/><EXPORTFLAG/></item><item><博主头像>http://tva2.sinaimg.cn/crop.0.0.180.180.50/8ee4732cjw1e8qgp5bmzyj2050050aa8.jpg</博主头像><博主id>2397336364</博主id><博主>长兴新闻网</博主><博主主页>http://weibo.com/210105607?refer_flag=1001030103_</博主主页><博文>
		【主人骑车被撞，忠犬护主猛追肇事车】L澎湃新闻的秒拍视频 5月24日，江苏张家港市，一名女子骑电瓶车通过十字路口时被小轿车刮倒。监控显示，女子倒地后电瓶车上跳下一只小狗，追上肇事汽车，同司机一起回到女主人身边。综合网络秒拍视频|主人骑车被... ​
		</博文><博文独立网址>http://weibo.com/2397336364/F5OwQ5pWw?refer_flag=1001030103_</博文独立网址><发布时间>2017-06-01 15:57</发布时间><发布终端>微博 weibo.com</发布终端><转发数/><评论数/><点赞数/><EXPORTFLAG/></item><item><博主头像>http://tva3.sinaimg.cn/crop.0.0.1125.1125.50/74da2d1ajw8f7jngmuyvrj20v90v9whi.jpg</博主头像><博主id>1960455450</博主id><博主>苏州市沧浪派出所</博主><博主主页>http://weibo.com/nmpcs?refer_flag=1001030103_</博主主页><博文>
		@姑苏公安 【法治故事：失控的汽车】3月17日，浙江温岭发生了一起暴力抗法事件。温岭法院新河法庭执行干警黄挺在扣押一查封车辆时，自称“担保公司”员工的程志刚、周生龙等10余人陆续到现场阻止扣车。周生龙上车控制了车辆后朝着绿化带撞过去，把站在绿化带边上的黄挺和另一个村民撞倒。案发后，被执 ​
			...展开全文c
		</博文><博文独立网址>http://weibo.com/1960455450/F5OwQ5pD1?refer_flag=1001030103_</博文独立网址><发布时间>2017-06-01 15:57</发布时间><发布终端>iPhone 6s Plus</发布终端><转发数/><评论数/><点赞数/><EXPORTFLAG/></item><item><博主头像>http://tva2.sinaimg.cn/crop.0.0.179.179.50/62193074tw1edxxcvmgt5j205005074j.jpg</博主头像><博主id>1645817972</博主id><博主>汽车中国</博主><博主主页>http://weibo.com/carschina2?refer_flag=1001030103_</博主主页><博文>
		中国最负责任的司机，浴火挪车，你怎么看？ 秒拍视频 ​
		</博文><博文独立网址>http://weibo.com/1645817972/F5OwLiB3z?refer_flag=1001030103_</博文独立网址><发布时间>2017-06-01 15:56</发布时间><发布终端>秒拍网页版</发布终端><转发数>3</转发数><评论数>4</评论数><点赞数>7</点赞数><EXPORTFLAG/></item><item><博主头像>http://tva3.sinaimg.cn/crop.3.5.171.171.50/e26927cfjw1ebhtbeo332j2050050dg5.jpg</博主头像><博主id>3798542287</博主id><博主>北京妇女网</博主><博主主页>http://weibo.com/bjwomennet?refer_flag=1001030103_</博主主页><博文>
		#微播报# 在“六一”国际儿童节到来之际，丰台区妇联联合北京汽车博物馆开展“热爱科技创新 筑梦美好童年”儿童主题活动，让孩子们通过参观学习了解近代汽车的历史与变迁，体会汽车科技、汽车文化的内涵，进行科普教育，激发孩子的创造力，全区21个街乡（镇）以及妇儿工委成员单位组织了近5000名儿童及 ​
			...展开全文c
		</博文><博文独立网址>http://weibo.com/3798542287/F5OwF6kdS?refer_flag=1001030103_</博文独立网址><发布时间>2017-06-01 15:56</发布时间><发布终端>微博 weibo.com</发布终端><转发数/><评论数/><点赞数/><EXPORTFLAG/></item><item><博主头像>http://tva1.sinaimg.cn/crop.0.3.1018.1018.50/a716fd45gw1ev7q2k8japj20sg0sg779.jpg</博主头像><博主id>2803301701</博主id><博主>人民日报</博主><博主主页>http://weibo.com/rmrb?refer_flag=1001030103_</博主主页><博文>
		【主人骑车被撞 忠犬护主猛追肇事车】5月24日，江苏张家港市，一女子骑电瓶车通过十字路口时被小轿车刮倒。女子倒地后电瓶车上跳下一只小狗，追上肇事汽车，与司机一起回到女主人身边，所幸女子并无大碍。期间小狗一直围在主人身边。澎湃新闻的...女子说，小狗很忠心，轻易见不得她吃亏。 ​
		</博文><博文独立网址>http://weibo.com/2803301701/F5OwCdS08?refer_flag=1001030103_</博文独立网址><发布时间>2017-06-01 15:56</发布时间><发布终端>微博 weibo.com</发布终端><转发数>432</转发数><评论数>493</评论数><点赞数>2206</点赞数><EXPORTFLAG/></item><item><博主头像>http://tva1.sinaimg.cn/crop.0.3.284.284.50/ee168cc6gw1eyydijiwjzj207y09ztab.jpg</博主头像><博主id>3994455238</博主id><博主>林棉兒_mm桂</博主><博主主页>http://weibo.com/u/3994455238?refer_flag=1001030103_</博主主页><博文>
		DIY汽车空调 ? ​
		</博文><博文独立网址>http://weibo.com/3994455238/F5OwCd2RL?refer_flag=1001030103_</博文独立网址><发布时间>2017-06-01 15:56</发布时间><发布终端>微博 weibo.com</发布终端><转发数/><评论数/><点赞数/><EXPORTFLAG/></item><item><博主头像>http://tva2.sinaimg.cn/crop.280.0.420.420.50/006lX94Xgw1f99darj5qdj30jg0e0q5p.jpg</博主头像><博主id>5821196303</博主id><博主>省钱君君爱白菜</博主><博主主页>http://weibo.com/u/5821196303?refer_flag=1001030103_</博主主页><博文>
		【厨房用品】家用无辐射静音室内电子灭蚊器 价38领券拍：网页链接【日用宝贝】GiGi汽车头枕护颈枕记忆棉U形枕旅行 价28领券拍：网页链接省钱白菜内部优惠券：|内部优惠券... ​
		</博文><博文独立网址>http://weibo.com/5821196303/F5OwB0eq5?refer_flag=1001030103_</博文独立网址><发布时间>2017-06-01 15:56</发布时间><发布终端>微博 weibo.com</发布终端><转发数/><评论数/><点赞数/><EXPORTFLAG/></item><item><博主头像>http://tvax2.sinaimg.cn/crop.0.0.996.996.50/006eQWaZly8fdp1z4ti9ij30ro0roq3c.jpg</博主头像><博主id>5716282385</博主id><博主>杨哥咩咩咩</博主><博主主页>http://weibo.com/u/5716282385?refer_flag=1001030103_</博主主页><博文>
		#娃尔七十二层奇楼##娃尔# 抓到一只趴在汽车上的娃尔@南派三叔 快来快来～ ​
		</博文><博文独立网址>http://weibo.com/5716282385/F5OwyEFML?refer_flag=1001030103_</博文独立网址><发布时间>2017-06-01 15:56</发布时间><发布终端>荣耀8 美得与众不同</发布终端><转发数/><评论数/><点赞数>1</点赞数><EXPORTFLAG/></item><item><博主头像>http://tvax2.sinaimg.cn/crop.0.0.180.180.50/006MCAQ0ly8fepu4wpaioj305k05kt8z.jpg</博主头像><博主id>6215259192</博主id><博主>就算孤岛没四季recce</博主><博主主页>http://weibo.com/u/6215259192?refer_flag=1001030103_</博主主页><博文>
		菱帕杰罗自1982年由日本三菱汽车公司开发了首款四驱越野车SUV。且其预览图率先曝光。新车将于8.1日曼谷国际车展发布！竞争对手瞄准丰田汉兰达…… ​
		</博文><博文独立网址>http://weibo.com/6215259192/F5OwyD2Il?refer_flag=1001030103_</博文独立网址><发布时间>2017-06-01 15:56</发布时间><发布终端>iPhone 7</发布终端><转发数/><评论数/><点赞数/><EXPORTFLAG/></item><item><博主头像>http://tvax3.sinaimg.cn/crop.0.0.180.180.50/006MNLDXly8fes2zg82qsj305k05k0sr.jpg</博主头像><博主id>6217922337</博主id><博主>用户6217922337</博主><博主主页>http://weibo.com/u/6217922337?refer_flag=1001030103_</博主主页><博文>
		年轻人都很喜欢的就是有活力的汽车//@海马M6: #五四青年节# #活力无限 尽擎尽兴# 有活力，年轻人当然可以嗨翻天啦，比如我 //@海马M6: #五四青年节# #活力无限 尽擎尽兴# 有活力，年轻人当然可以嗨翻天啦，比如我
		</博文><博文独立网址>http://weibo.com/1782430373/F1z6lqNLq?refer_flag=1001030103_</博文独立网址><发布时间>2017-06-01 15:56</发布时间><发布终端>秒拍网页版</发布终端><转发数/><评论数/><点赞数/><EXPORTFLAG/></item><item><博主头像>http://tva4.sinaimg.cn/crop.98.66.482.482.50/67b3dafdjw8eys1v6797cj20ia0go759.jpg</博主头像><博主id>1739840253</博主id><博主>东风风神</博主><博主主页>http://weibo.com/dfpv?refer_flag=1001030103_</博主主页><博文>
		#用车课堂#发动机冷却后再检查冷却液，仔细观察冷却液的液面是否处于满位和低位之间，如果不在，应即刻添加冷却液或是纯净水（蒸馏水），添加后的液面高度不能超过满位。如果发现冷却液迅速减少，应到专业的汽车养护店检查是否有泄漏情况。 ​
		</博文><博文独立网址>http://weibo.com/1739840253/F5Owren9p?refer_flag=1001030103_</博文独立网址><发布时间>2017-06-01 15:56</发布时间><发布终端>专业版微博</发布终端><转发数>1</转发数><评论数/><点赞数>1</点赞数><EXPORTFLAG/></item><item><博主头像>http://tva1.sinaimg.cn/crop.48.44.240.240.50/cfb0391ejw1ecap4rlazij209z0b4dh8.jpg</博主头像><博主id>3484432670</博主id><博主>宝鸡交警陈仓大队</博主><博主主页>http://weibo.com/ccjjdd?refer_flag=1001030103_</博主主页><博文>
		#六一儿童节交通安全微提示#一、别让孩子坐副驾驶位置，一些家长习惯让孩子坐在汽车副驾驶位置,如遇急刹车或正面碰撞等紧急情况,会十分危险。二、别让孩子在车内或站台上嬉戏。有些孩子坐公交车时，喜欢把头探出车窗外,这有可能被过往车辆碰到,还有可能被车轮甩起的石子打伤。 ​
		</博文><博文独立网址>http://weibo.com/3484432670/F5OwpdQQX?refer_flag=1001030103_</博文独立网址><发布时间>2017-06-01 15:55</发布时间><发布终端>360安全浏览器</发布终端><转发数/><评论数/><点赞数/><EXPORTFLAG/></item><item><博主头像>http://tva1.sinaimg.cn/crop.0.0.180.180.50/89c41d7bjw1e8qgp5bmzyj2050050aa8.jpg</博主头像><博主id>2311331195</博主id><博主>深圳地铁运营</博主><博主主页>http://weibo.com/szmcservice?refer_flag=1001030103_</博主主页><博文>
		【今日热议】自深圳地铁11号线碧头站开通以来，很多住长安的市民一直期望着能够开通接驳公交线。那么在长安政府相关部门多方沟通之后，终于将市民的需求变成了现实。根据东莞市交通运输局《关于征求开通深莞跨市公交线路方案意见函》，经长安公共汽车有限公司进行多次的实地考察和调研后，拟开发新公 ​
			...展开全文c
		</博文><博文独立网址>http://weibo.com/2311331195/F5OwmcEJ2?refer_flag=1001030103_</博文独立网址><发布时间>2017-06-01 15:55</发布时间><发布终端>搜狗高速浏览器</发布终端><转发数/><评论数>3</评论数><点赞数>4</点赞数><EXPORTFLAG/></item><item><博主头像>http://tva1.sinaimg.cn/crop.0.0.180.180.50/722bab48jw1e8qgp5bmzyj2050050aa8.jpg</博主头像><博主id>1915464520</博主id><博主>山塘派出所小博</博主><博主主页>http://weibo.com/szstpcs?refer_flag=1001030103_</博主主页><博文>
		@姑苏公安 【法治故事：失控的汽车】3月17日，浙江温岭发生了一起暴力抗法事件。温岭法院新河法庭执行干警黄挺在扣押一查封车辆时，自称“担保公司”员工的程志刚、周生龙等10余人陆续到现场阻止扣车。周生龙上车控制了车辆后朝着绿化带撞过去，把站在绿化带边上的黄挺和另一个村民撞倒。案发后，被执 ​
			...展开全文c
		</博文><博文独立网址>http://weibo.com/1915464520/F5OwlAYMl?refer_flag=1001030103_</博文独立网址><发布时间>2017-06-01 15:55</发布时间><发布终端>专业版微博</发布终端><转发数/><评论数/><点赞数/><EXPORTFLAG/></item><item><博主头像>http://tva1.sinaimg.cn/crop.0.0.180.180.50/65bb0055jw1e8qgp5bmzyj2050050aa8.jpg</博主头像><博主id>1706754133</博主id><博主>Chicharito_Liu</博主><博主主页>http://weibo.com/u/1706754133?refer_flag=1001030103_</博主主页><博文>
		我免费围观了 @硬哥 的回答，问题价值 14.90 元，快来一起免费围观~ 网页链接 ​
		</博文><博文独立网址>http://weibo.com/1706754133/F5Owhvcqb?refer_flag=1001030103_</博文独立网址><发布时间>2017-06-01 15:55</发布时间><发布终端>微博 weibo.com</发布终端><转发数/><评论数/><点赞数/><EXPORTFLAG/></item><item><博主头像>http://tva4.sinaimg.cn/crop.31.378.1135.1135.50/006lYuqejw1f8rrou6elmj30xc1gl77v.jpg</博主头像><博主id>5821516674</博主id><博主>专业省钱白菜君</博主><博主主页>http://weibo.com/u/5821516674?refer_flag=1001030103_</博主主页><博文>
		【厨房用品】小米usb小风扇随身迷你超静音便携式风力 价5.8领券拍：网页链接【日用宝贝】汽车摆件可爱卡通乌龟车内饰品 价14.8领券拍：网页链接省钱白菜内部优惠券：|内部优惠券... ​
		</博文><博文独立网址>http://weibo.com/5821516674/F5OwgBoJz?refer_flag=1001030103_</博文独立网址><发布时间>2017-06-01 15:55</发布时间><发布终端>微博 weibo.com</发布终端><转发数/><评论数/><点赞数>1</点赞数><EXPORTFLAG/></item></列></item></列表></extraction>