<?xml version="1.0" encoding="UTF-8"?><extraction><clueid>373892854</clueid><fullpath><![CDATA[http://s.weibo.com/weibo/%25E6%25B1%25BD%25E8%25BD%25A6&typeall=1&suball=1&timescope=custom:2016-06-01:2017-06-01-23&page=2]]></fullpath><realpath><![CDATA[http://s.weibo.com/weibo/%25E6%25B1%25BD%25E8%25BD%25A6&typeall=1&suball=1&timescope=custom:2016-06-01:2017-06-01-23&Refer=g]]></realpath><theme>微博关键词搜索采集</theme><middle>default</middle><createdate>2017-6-1 17:29:37</createdate><pageno>1</pageno><actionno></actionno><actionvalue></actionvalue><prestamp>DSEngine-+-ds_browser_ds_task_xp1-+-1660745713</prestamp><currentstamp>DSEngine-+-ds_browser_ds_task_xp1-+-1660758175</currentstamp><baseURI><bucketBaseURI><bucketName>list</bucketName><uri><![CDATA[http://s.weibo.com/weibo/%25E6%25B1%25BD%25E8%25BD%25A6&typeall=1&suball=1&timescope=custom:2016-06-01:2017-06-01-23&Refer=g]]></uri></bucketBaseURI></baseURI>
<列表><item><关键字>汽车</关键字><列><item><博主头像>http://tva1.sinaimg.cn/crop.0.0.180.180.50/93e6f793jw1e8qgp5bmzyj2050050aa8.jpg</博主头像><博主id>2481387411</博主id><博主>国际金属加工网</博主><博主主页>http://weibo.com/mmsonline?refer_flag=1001030103_</博主主页><博文>
		【厉害了我的天，看喷涂机器人为汽车行业提供完美解决方案】汽车生产线的喷漆和涂装是汽车生产的重要环节，现代汽车生产都采用机器人尽享喷涂。汽车车身涂装以工艺复杂、工序多、涂层质量要求高等特点在汽车涂装中最具代表性。网页链接 ​
		</博文><博文独立网址>http://weibo.com/2481387411/F5P7Odyoa?refer_flag=1001030103_</博文独立网址><发布时间>2017-06-01 17:28</发布时间><发布终端>360安全浏览器</发布终端><转发数/><评论数/><点赞数/><EXPORTFLAG/></item><item><博主头像>http://tva1.sinaimg.cn/crop.0.0.180.180.50/acbdfaabjw1e8qgp5bmzyj2050050aa8.jpg</博主头像><博主id>2898131627</博主id><博主>润华雪佛兰济宁邹城店</博主><博主主页>http://weibo.com/zcrdch1406?refer_flag=1001030103_</博主主页><博文>
		#润华雪佛兰邹城店#汽车竞赛的过弯过程中，车辆的稳定性至关重要；现实生活中，汽车转弯时的稳定性也不容忽视。雪佛兰全新科鲁兹的瓦特连杆，能调节车轮受力情况，让两边的车轮始终与路面保持最适宜的接触，避免汽车过弯时颠簸晃动，转向也更加灵活。 ​​​​
		</博文><博文独立网址>http://weibo.com/2898131627/F5P7NDnVD?refer_flag=1001030103_</博文独立网址><发布时间>2017-06-01 17:28</发布时间><发布终端>皮皮时光机</发布终端><转发数/><评论数/><点赞数/><EXPORTFLAG/></item><item><博主头像>http://tva2.sinaimg.cn/crop.0.0.800.800.50/8f3e84ebjw8etozsm9dbuj20m80m8dhh.jpg</博主头像><博主id>2403239147</博主id><博主>羊排抓饭_</博主><博主主页>http://weibo.com/u/2403239147?refer_flag=1001030103_</博主主页><博文>
		以为给汽车接线打火 只有电影里才能看到，今也学习了一把 ​
		</博文><博文独立网址>http://weibo.com/2403239147/F5P7FivQs?refer_flag=1001030103_</博文独立网址><发布时间>2017-06-01 17:27</发布时间><发布终端>iPhone 7</发布终端><转发数/><评论数/><点赞数/><EXPORTFLAG/></item><item><博主头像>http://tva1.sinaimg.cn/crop.0.0.180.180.50/63207a53jw8f4tpyeyqouj2050050glo.jpg</博主头像><博主id>1663072851</博主id><博主>中国日报</博主><博主主页>http://weibo.com/chinadailywebsite?refer_flag=1001030103_</博主主页><博文>
		【主人骑车被撞 忠犬护主猛追肇事车】5月24日，江苏张家港市，一女子骑电瓶车通过十字路口时被小轿车刮倒。女子倒地后电瓶车上跳下一只小狗，追上肇事汽车，与司机一起回到女主人身边，所幸女子并无大碍。期间小狗一直围在主人身边。澎湃新闻的... 女子说，小狗很忠心，轻易见不得她吃亏。 ​
		</博文><博文独立网址>http://weibo.com/1663072851/F5P7n26HO?refer_flag=1001030103_</博文独立网址><发布时间>2017-06-01 17:27</发布时间><发布终端>微博 weibo.com</发布终端><转发数>2</转发数><评论数>2</评论数><点赞数>18</点赞数><EXPORTFLAG/></item><item><博主头像>http://tva3.sinaimg.cn/crop.216.477.1137.1137.50/006p1PxWjw8f9erllc9dzj31kw1kw4q5.jpg</博主头像><博主id>5866641868</博主id><博主>宁津县岐森橡塑制品有限责任公司</博主><博主主页>http://weibo.com/u/5866641868?refer_flag=1001030103_</博主主页><博文>
		#阿里头条#「汽车消声器吊耳分哪些材质？」  汽车消声器吊耳（排气管支撑架）是由三元乙丙制造，三元乙丙具有耐老化性，乙丙有优异的耐天候、耐臭氧、耐热、水蒸汽、颜色稳定性、电性能、充油性及常温流动性。三元乙丙橡胶制品在120 ℃下可长期使用 网页链接 ​
		</博文><博文独立网址>http://weibo.com/5866641868/F5P7h6DsX?refer_flag=1001030103_</博文独立网址><发布时间>2017-06-01 17:26</发布时间><发布终端>分享按钮</发布终端><转发数/><评论数/><点赞数/><EXPORTFLAG/></item><item><博主头像>http://tva3.sinaimg.cn/crop.216.477.1137.1137.50/006p1PxWjw8f9erllc9dzj31kw1kw4q5.jpg</博主头像><博主id>5866641868</博主id><博主>宁津县岐森橡塑制品有限责任公司</博主><博主主页>http://weibo.com/u/5866641868?refer_flag=1001030103_</博主主页><博文>
		#阿里头条#「汽车消声器吊耳分哪些材质？」 网页链接 ​
		</博文><博文独立网址>http://weibo.com/5866641868/F5P7f2Qei?refer_flag=1001030103_</博文独立网址><发布时间>2017-06-01 17:26</发布时间><发布终端>分享按钮</发布终端><转发数/><评论数/><点赞数/><EXPORTFLAG/></item><item><博主头像>http://tva1.sinaimg.cn/crop.32.29.301.301.50/9b934a90gw1emexcudwj3j20a5097q3c.jpg</博主头像><博主id>2610121360</博主id><博主>昌河汽车长沙天隆4S店</博主><博主主页>http://weibo.com/u/2610121360?refer_flag=1001030103_</博主主页><博文>
		发布了头条文章：《关爱车辆 更关爱你，长沙天隆昌河汽车Q系爱车讲堂诚邀您参与》 |关爱车辆 ... ​
		</博文><博文独立网址>http://weibo.com/2610121360/F5P77kJjv?refer_flag=1001030103_</博文独立网址><发布时间>2017-06-01 17:26</发布时间><发布终端>微博 weibo.com</发布终端><转发数/><评论数/><点赞数/><EXPORTFLAG/></item><item><博主头像>http://tvax4.sinaimg.cn/crop.64.36.306.306.50/63f72af3ly8feuofcn8nbj20fc0fcgoz.jpg</博主头像><博主id>1677142771</博主id><博主>新车头条</博主><博主主页>http://weibo.com/u/1677142771?refer_flag=1001030103_</博主主页><博文>
		街拍最高境界@陈震同学 @微博汽车 @豪车君 秒拍视频 ​
		</博文><博文独立网址>http://weibo.com/1677142771/F5P76sYTm?refer_flag=1001030103_</博文独立网址><发布时间>2017-06-01 17:26</发布时间><发布终端>iPhone</发布终端><转发数/><评论数/><点赞数/><EXPORTFLAG/></item><item><博主头像>http://tva1.sinaimg.cn/crop.0.0.1342.1342.50/9b6d0fc1jw8faqfgwpoaij211a11a0wq.jpg</博主头像><博主id>2607615937</博主id><博主>乐视乐跃亭</博主><博主主页>http://weibo.com/u/2607615937?refer_flag=1001030103_</博主主页><博文>
		乐视网(SZ300104):BI中文站 6月1日报道 经历高管相继出走、拖欠账款、法律官司以及大量负面报道等多重打击之后，步履蹒跚的洛杉矶电动汽车初创企业法乐第未来(Faraday Future)称该公司正在努力扭转局面。 彭博社近日称，由于主要资... 分享自@雪球 |法乐第未来... |桐乡市 ​
		</博文><博文独立网址>http://weibo.com/2607615937/F5P750r8o?refer_flag=1001030103_</博文独立网址><发布时间>2017-06-01 17:26</发布时间><发布终端>乐Max</发布终端><转发数/><评论数/><点赞数/><EXPORTFLAG/></item><item><博主头像>http://tva2.sinaimg.cn/crop.0.0.468.468.50/be7bab1dtw1easskf6lx9j20d30fa0vu.jpg</博主头像><博主id>3195775773</博主id><博主>櫻桃好妹子</博主><博主主页>http://weibo.com/u/3195775773?refer_flag=1001030103_</博主主页><博文>
		一位芬兰艺术家利用回收的废旧汽车创作了这一组精美巨大的奶牛雕塑。巧妙安排的各种部件以及精心搭配的色彩，让每一只奶牛都显得姿态优雅、神韵独到，富有浓郁的生活气息。 ​
		</博文><博文独立网址>http://weibo.com/3195775773/F5P6XDjXc?refer_flag=1001030103_</博文独立网址><发布时间>2017-06-01 17:26</发布时间><发布终端>微博 weibo.com</发布终端><转发数/><评论数/><点赞数/><EXPORTFLAG/></item><item><博主头像>http://tvax3.sinaimg.cn/crop.6.0.500.500.50/c05257c5ly8ffupultp8aj20e80dwta3.jpg</博主头像><博主id>3226621893</博主id><博主>-_-张同学</博主><博主主页>http://weibo.com/577330560?refer_flag=1001030103_</博主主页><博文>
		2017 Lotus Elise Cup 250@90车印象 #90车印象# @汽车印象 ​
		</博文><博文独立网址>http://weibo.com/3226621893/F5P6S0sNA?refer_flag=1001030103_</博文独立网址><发布时间>2017-06-01 17:25</发布时间><发布终端>UC浏览器电脑版</发布终端><转发数/><评论数/><点赞数/><EXPORTFLAG/></item><item><博主头像>http://tva2.sinaimg.cn/crop.0.0.819.819.50/691cdbadjw8eukmifi6oqj20mr0mrgrk.jpg</博主头像><博主id>1763498925</博主id><博主>菏泽网警巡查执法</博主><博主主页>http://weibo.com/u/1763498925?refer_flag=1001030103_</博主主页><博文>
		太揪心！将这段视频转给更多人！告诉你为什么汽车后座也要系安全带！能救命！
		</博文><博文独立网址>http://weibo.com/2286908003/F5P4N7xKQ?refer_flag=1001030103_</博文独立网址><发布时间>2017-06-01 17:25</发布时间><发布终端>人民网微博</发布终端><转发数>1</转发数><评论数/><点赞数/><EXPORTFLAG/></item><item><博主头像>http://tva1.sinaimg.cn/crop.0.0.1342.1342.50/9b6d0fc1jw8faqfgwpoaij211a11a0wq.jpg</博主头像><博主id>2607615937</博主id><博主>乐视乐跃亭</博主><博主主页>http://weibo.com/u/2607615937?refer_flag=1001030103_</博主主页><博文>
		乐视网(SZ300104):国内首批涉足造车领域的科技企业自发展距今也近3年多，最早的游侠汽车在2015年发布了概念汽车产品游侠X，随后乐视汽车也在2016年发布第一款概念产品，同年蔚来汽车的电动超跑也浮出水面，直到今年在上海车展推出了未来... 分享自@雪球 |年内将见到... |桐乡市 ​
		</博文><博文独立网址>http://weibo.com/2607615937/F5P6Ltf0a?refer_flag=1001030103_</博文独立网址><发布时间>2017-06-01 17:25</发布时间><发布终端>乐Max</发布终端><转发数/><评论数/><点赞数/><EXPORTFLAG/></item><item><博主头像>http://tva2.sinaimg.cn/crop.0.0.599.599.50/76643ed5jw8elz2h6d6lkj20gn0gnwfm.jpg</博主头像><博主id>1986281173</博主id><博主>广州校园</博主><博主主页>http://weibo.com/gzcampus?refer_flag=1001030103_</博主主页><博文>
		太揪心！将这段视频转给更多人！告诉你为什么汽车后座也要系安全带！能救命！（央视）央视新闻的... ​​​
		</博文><博文独立网址>http://weibo.com/1986281173/F5P6KBjwD?refer_flag=1001030103_</博文独立网址><发布时间>2017-06-01 17:25</发布时间><发布终端>荣耀畅玩5X 全网通</发布终端><转发数/><评论数/><点赞数/><EXPORTFLAG/></item><item><博主头像>http://tva4.sinaimg.cn/crop.225.470.388.388.50/005OLEuDgw1en4ojtasffj31kw148qcx.jpg</博主头像><博主id>5330838035</博主id><博主>江门市12345政府服务热线</博主><博主主页>http://weibo.com/u/5330838035?refer_flag=1001030103_</博主主页><博文>
		【提醒】#温馨提示# 为缓解城市道路施工改造期间交通拥堵、提高道路利用效率、确保市民出行安全，佛山顺德大良城区（105国道、德胜路、碧桂路和桂畔海构成的闭合区域）限制核载质量1.25t以上（不含1.25t）载货汽车通行，2017年6月1日开始，对违反规定的，公安交警部门将依法处以罚款200元、记3分的处 ​
			...展开全文c
		</博文><博文独立网址>http://weibo.com/5330838035/F5P6KkMJE?refer_flag=1001030103_</博文独立网址><发布时间>2017-06-01 17:25</发布时间><发布终端>微博 weibo.com</发布终端><转发数/><评论数/><点赞数/><EXPORTFLAG/></item><item><博主头像>http://tva3.sinaimg.cn/crop.0.0.640.640.50/744e040ejw8egd1dzbsaij20hs0hsab7.jpg</博主头像><博主id>1951269902</博主id><博主>李占阳</博主><博主主页>http://weibo.com/u/1951269902?refer_flag=1001030103_</博主主页><博文>
		这么看来儿童节送孩子一台宾利还是很好实现的。#魔性童年照# #六一儿童节# #我与汽车的日常# 秒拍视频 ​
		</博文><博文独立网址>http://weibo.com/1951269902/F5P6JruAi?refer_flag=1001030103_</博文独立网址><发布时间>2017-06-01 17:25</发布时间><发布终端>搜狗高速浏览器</发布终端><转发数/><评论数/><点赞数/><EXPORTFLAG/></item><item><博主头像>http://tva2.sinaimg.cn/crop.0.0.180.180.50/946d987bjw1e8qgp5bmzyj2050050aa8.jpg</博主头像><博主id>2490210427</博主id><博主>崇左交警直属二大队</博主><博主主页>http://weibo.com/u/2490210427?refer_flag=1001030103_</博主主页><博文>
		#交安宣传#【汽车紧急遇险应对方法】在高速行驶中，汽车发生爆胎是非常危险的......那么，在行驶途中遇到紧急情况应该怎样来应对呢？ ​
		</博文><博文独立网址>http://weibo.com/2490210427/F5P6HnehY?refer_flag=1001030103_</博文独立网址><发布时间>2017-06-01 17:25</发布时间><发布终端>iPhone 6s</发布终端><转发数/><评论数/><点赞数/><EXPORTFLAG/></item><item><博主头像>http://tva3.sinaimg.cn/crop.0.0.664.664.50/a8cd3759jw8f7ag5rt389j20ig0ig75f.jpg</博主头像><博主id>2832021337</博主id><博主>包心菜菜虫</博主><博主主页>http://weibo.com/u/2832021337?refer_flag=1001030103_</博主主页><博文>
		我免费围观了 @硬哥 的回答，问题价值 14.90 元，快来一起免费围观~ 网页链接 ​
		</博文><博文独立网址>http://weibo.com/2832021337/F5P6B9Fcg?refer_flag=1001030103_</博文独立网址><发布时间>2017-06-01 17:25</发布时间><发布终端>微博 weibo.com</发布终端><转发数/><评论数/><点赞数/><EXPORTFLAG/></item><item><博主头像>http://tva3.sinaimg.cn/crop.69.10.238.238.50/8687f759jw8fa8yo12cadj20bx0bn0te.jpg</博主头像><博主id>2257057625</博主id><博主>鞠氏j家族</博主><博主主页>http://weibo.com/j1129562124?refer_flag=1001030103_</博主主页><博文>
		【袁世凯送给慈禧一辆汽车，慈禧说出十二个字，预示大清必亡！】说起慈禧太后，似乎大家都有点上火，因为在他统治的这段时间，晚...... 网页链接 ​
		</博文><博文独立网址>http://weibo.com/2257057625/F5P6z7cIL?refer_flag=1001030103_</博文独立网址><发布时间>2017-06-01 17:25</发布时间><发布终端>分享按钮</发布终端><转发数/><评论数/><点赞数/><EXPORTFLAG/></item><item><博主头像>http://tva3.sinaimg.cn/crop.0.0.750.750.50/71f31b4cjw8ev90grtmhlj20ku0ku3zg.jpg</博主头像><博主id>1911757644</博主id><博主>名城苏州网</博主><博主主页>http://weibo.com/mingchengsz?refer_flag=1001030103_</博主主页><博文>
		【太揪心！将这段视频转给更多人！告诉你为什么汽车后座也要系安全带！能救命！】 （央视新闻）央视新闻的... ​
		</博文><博文独立网址>http://weibo.com/1911757644/F5P6lbCHt?refer_flag=1001030103_</博文独立网址><发布时间>2017-06-01 17:24</发布时间><发布终端>360安全浏览器</发布终端><转发数/><评论数/><点赞数/><EXPORTFLAG/></item></列></item></列表></extraction>