<?xml version="1.0" encoding="UTF-8"?><extraction><clueid>373892854</clueid><fullpath><![CDATA[http://s.weibo.com/weibo/%25E6%25B1%25BD%25E8%25BD%25A6&typeall=1&suball=1&timescope=custom:2016-06-01:2017-06-01-23&page=49]]></fullpath><realpath><![CDATA[http://s.weibo.com/weibo/%25E6%25B1%25BD%25E8%25BD%25A6&typeall=1&suball=1&timescope=custom:2016-06-01:2017-06-01-23&page=49]]></realpath><theme>微博关键词搜索采集</theme><middle>default</middle><createdate>2017-6-1 17:45:37</createdate><pageno>49</pageno><actionno></actionno><actionvalue></actionvalue><prestamp>DSEngine-+-ds_browser_ds_task_xp1-+-1661698498</prestamp><currentstamp>DSEngine-+-ds_browser_ds_task_xp1-+-1661718136</currentstamp><baseURI><bucketBaseURI><bucketName>list</bucketName><uri><![CDATA[http://s.weibo.com/weibo/%25E6%25B1%25BD%25E8%25BD%25A6&typeall=1&suball=1&timescope=custom:2016-06-01:2017-06-01-23&page=49]]></uri></bucketBaseURI></baseURI>
<列表><item><关键字>汽车</关键字><列><item><博主头像>http://tvax1.sinaimg.cn/default/images/default_avatar_male_50.gif</博主头像><博主id>5673761408</博主id><博主>80放荡不羁的岁月</博主><博主主页>http://weibo.com/u/5673761408?refer_flag=1001030103_</博主主页><博文>
		注意：东风小康、风光汽车、汽油泵存在质量问题，天气一热汽油泵会有哨声，今天郑州东风小康4S以更换20多辆汽油泵 ​
		</博文><博文独立网址>http://weibo.com/5673761408/F5OhQ9qH4?refer_flag=1001030103_</博文独立网址><发布时间>2017-06-01 15:20</发布时间><发布终端>荣耀畅玩4C</发布终端><转发数/><评论数/><点赞数/><EXPORTFLAG/></item><item><博主头像>http://tva1.sinaimg.cn/crop.0.0.512.512.50/71379c42jw8evifrk0lx9j20e80e874x.jpg</博主头像><博主id>1899469890</博主id><博主>南通开发区中兴派出所</博主><博主主页>http://weibo.com/u/1899469890?refer_flag=1001030103_</博主主页><博文>
		#警情通报#我辖区赫某某报警称，5月27日21时30分至28日8时50分期间，嫌疑人窜至其小区停车场，将其放在此处的汽车玻璃砸坏，盗走车内960元现金。详情戳图↓↓↓ ​
		</博文><博文独立网址>http://weibo.com/1899469890/F5OhOmOT2?refer_flag=1001030103_</博文独立网址><发布时间>2017-06-01 15:20</发布时间><发布终端>360安全浏览器</发布终端><转发数>1</转发数><评论数/><点赞数/><EXPORTFLAG/></item><item><博主头像>http://tvax2.sinaimg.cn/crop.0.0.996.996.50/006CqF1Gly8fek9ip1wyfj30ro0ro76r.jpg</博主头像><博主id>6064651996</博主id><博主>重庆这边事</博主><博主主页>http://weibo.com/u/6064651996?refer_flag=1001030103_</博主主页><博文>
		#重庆身边事#【惨！！！院墙突然倒塌 十多辆汽车被砸。】据网友爆料，今日（6月1日）一早，在沙坪坝区西永镇富康新城宿舍楼外边停车场，院墙无缘无故一夜倒塌了，连砸了10辆车，每辆车多多少少有所损坏。如此天灾，要是你，你受得了吗？ ​​​
		</博文><博文独立网址>http://weibo.com/6064651996/F5OhNbSOU?refer_flag=1001030103_</博文独立网址><发布时间>2017-06-01 15:19</发布时间><发布终端>新浪微博4G版</发布终端><转发数/><评论数/><点赞数/><EXPORTFLAG/></item><item><博主头像>http://tva1.sinaimg.cn/crop.0.0.180.180.50/4dfdf325jw1e8qgp5bmzyj2050050aa8.jpg</博主头像><博主id>1308488485</博主id><博主>惠人真</博主><博主主页>http://weibo.com/u/1308488485?refer_flag=1001030103_</博主主页><博文>
		发布了头条文章：《大连市汽车4s店欺诈、非法改装、票据混乱、交通安全隐患巨大》 。政府不应放松监管，更不应允许欺骗消费者 |大连市汽车... ​
		</博文><博文独立网址>http://weibo.com/1308488485/F5OhLnNsD?refer_flag=1001030103_</博文独立网址><发布时间>2017-06-01 15:19</发布时间><发布终端>微博 weibo.com</发布终端><转发数/><评论数/><点赞数/><EXPORTFLAG/></item><item><博主头像>http://tva4.sinaimg.cn/crop.0.0.1080.1080.50/57349a49jw8eujw5c33wjj20u00u040d.jpg</博主头像><博主id>1463065161</博主id><博主>夏小鱼Shirley</博主><博主主页>http://weibo.com/u/1463065161?refer_flag=1001030103_</博主主页><博文>
		徒手推汽车。特别认真。棒棒哒。//@周笔畅:強迫症的認真。//@BeginsStudio:我举手发誓，周老板开车技术一级棒。 祝@爱奇艺娱乐 生日快乐。
		</博文><博文独立网址>http://weibo.com/1779850265/F5NmZvNwt?refer_flag=1001030103_</博文独立网址><发布时间>2017-06-01 15:19</发布时间><发布终端>微博 weibo.com</发布终端><转发数/><评论数/><点赞数/><EXPORTFLAG/></item><item><博主头像>http://tvax3.sinaimg.cn/crop.0.0.664.664.50/005Ki3ZSly8ffptnod1fmj30ig0ig3zy.jpg</博主头像><博主id>5264680888</博主id><博主>风的青睐BLOG</博主><博主主页>http://weibo.com/u/5264680888?refer_flag=1001030103_</博主主页><博文>
		【行进中方向打死没事 原地打轮才不好】汽车设计的时候早就已经考虑到这个问题了，无论从电路设计还是机械设计上，都可以保证这一点，所以不要担心打死轮会烧什么东西。唯一可能给转向系统带来不必要的负担的做法就是原地打轮。这个时候转向系统负荷会比行进中大，而且对轮胎也不好。 ​
		</博文><博文独立网址>http://weibo.com/5264680888/F5OhAeFlA?refer_flag=1001030103_</博文独立网址><发布时间>2017-06-01 15:19</发布时间><发布终端>皮皮时光机</发布终端><转发数/><评论数/><点赞数/><EXPORTFLAG/></item><item><博主头像>http://tva2.sinaimg.cn/crop.0.0.180.180.50/bea11c80jw1e8qgp5bmzyj2050050aa8.jpg</博主头像><博主id>3198229632</博主id><博主>广州柏仕汽车音响</博主><博主主页>http://weibo.com/u/3198229632?refer_flag=1001030103_</博主主页><博文>
		发表了博文《看得见的旋律起亚索兰托改装洛克力量R663-洛克力量汽车音响（广东车友店）》欣赏一件艺术作品，我们都会习惯性的先去看整体，然后才去品味它的细节。而欣赏一套音响产品则不同，通过音乐的流动，品|看得见的旋... ​
		</博文><博文独立网址>http://weibo.com/3198229632/F5OhrkIuj?refer_flag=1001030103_</博文独立网址><发布时间>2017-06-01 15:19</发布时间><发布终端>新浪博客</发布终端><转发数/><评论数/><点赞数/><EXPORTFLAG/></item><item><博主头像>http://tva1.sinaimg.cn/crop.91.84.275.275.50/006oGQkmjw1f13dx9hmlbj30cr0ccq32.jpg</博主头像><博主id>5861639982</博主id><博主>蒂华森</博主><博主主页>http://weibo.com/u/5861639982?refer_flag=1001030103_</博主主页><博文>
		发表了博文《2017-2022年电动汽车电池市场调查及投资前景研究报告》2017-2022年电动汽车电池市场调查及投资前景研究报告[交付方式]:EMAIL电子版或特快专递[价　　格]:印刷版电子版[电|2017-2022... ​
		</博文><博文独立网址>http://weibo.com/5861639982/F5OhokKxe?refer_flag=1001030103_</博文独立网址><发布时间>2017-06-01 15:19</发布时间><发布终端>新浪博客</发布终端><转发数/><评论数/><点赞数/><EXPORTFLAG/></item><item><博主头像>http://tva2.sinaimg.cn/crop.0.0.180.180.50/62d0684bjw1e8qgp5bmzyj2050050aa8.jpg</博主头像><博主id>1657825355</博主id><博主>wolfocus</博主><博主主页>http://weibo.com/wolfocus?refer_flag=1001030103_</博主主页><博文>
		我免费围观了 @硬哥 的回答，问题价值 14.90 元，快来一起免费围观~ 网页链接 ​
		</博文><博文独立网址>http://weibo.com/1657825355/F5Ohm1muG?refer_flag=1001030103_</博文独立网址><发布时间>2017-06-01 15:18</发布时间><发布终端>微博 weibo.com</发布终端><转发数/><评论数/><点赞数/><EXPORTFLAG/></item><item><博主头像>http://tva2.sinaimg.cn/crop.0.14.398.398.50/3eedc255gw1ee4pmp6sulj20b40eqdgz.jpg</博主头像><博主id>1055769173</博主id><博主>老余看股市</博主><博主主页>http://weibo.com/jinghaitouzi?refer_flag=1001030103_</博主主页><博文>
		#牛股推荐# 无人驾驶爆发在即，无论德国老牌汽车巨头，还是中文搜索霸主百度，都已经忍不住了！$星宇股份 sh601799$ 秒拍视频 ​
		</博文><博文独立网址>http://weibo.com/1055769173/F5Ohl6UyJ?refer_flag=1001030103_</博文独立网址><发布时间>2017-06-01 15:18</发布时间><发布终端>Android</发布终端><转发数/><评论数>1</评论数><点赞数>1</点赞数><EXPORTFLAG/></item><item><博主头像>http://tva3.sinaimg.cn/crop.0.0.179.179.50/93ada6ccjw1ec9niwasx3j20500503ym.jpg</博主头像><博主id>2477631180</博主id><博主>汽车与配件杂志</博主><博主主页>http://weibo.com/automobileandparts?refer_flag=1001030103_</博主主页><博文>
		发布了头条文章：《新能源汽车燃料电池生产企业或将面临阶段性行业洗牌》 |新能源汽车... ​
		</博文><博文独立网址>http://weibo.com/2477631180/F5OhkfSyN?refer_flag=1001030103_</博文独立网址><发布时间>2017-06-01 15:18</发布时间><发布终端>微博 weibo.com</发布终端><转发数/><评论数/><点赞数/><EXPORTFLAG/></item><item><博主头像>http://tva3.sinaimg.cn/crop.0.0.1152.1152.50/a4dfb090jw8exc4srqz97j20w00w0gnb.jpg</博主头像><博主id>2766123152</博主id><博主>西南科大制造学院青志中心</博主><博主主页>http://weibo.com/u/2766123152?refer_flag=1001030103_</博主主页><博文>
		#西科小梧桐2017# 一支笔✏️，就能画出他们五彩的童年一本书，就能满足他们对知识的渴望一个篮球，就能让他们体会运动的乐趣一个玩具汽车，就能实现他梦寐以求的愿望制造青志募捐活动即将开始，如果你有一颗爱心 ，如果你有闲置物品，如果你愿意帮助🏻他们，那么风雨无阻， ​
			...展开全文c
		</博文><博文独立网址>http://weibo.com/2766123152/F5Ohiatzu?refer_flag=1001030103_</博文独立网址><发布时间>2017-06-01 15:18</发布时间><发布终端>华为P8青春版</发布终端><转发数/><评论数/><点赞数>1</点赞数><EXPORTFLAG/></item><item><博主头像>http://tva4.sinaimg.cn/crop.0.0.180.180.50/71ea90bdjw1e8qgp5bmzyj2050050aa8.jpg</博主头像><博主id>1911197885</博主id><博主>-吉林手机报-</博主><博主主页>http://weibo.com/jilinshoujibao?refer_flag=1001030103_</博主主页><博文>
		"共享汽车"发展指导意见征意见 租车须实名验证从今天开始，《关于促进汽车租赁业健康发展的指导意见(征求意见稿)》向社会公开征求意见。《征求意见稿》中明确汽车租赁车辆应按照相关法律法规和技术标准规定到公安机关办理登记，并按相关规定，进行车辆安全技术检验、环保检验、报废和购买保险。租车人 ​
			...展开全文c
		</博文><博文独立网址>http://weibo.com/1911197885/F5Oh9zaWS?refer_flag=1001030103_</博文独立网址><发布时间>2017-06-01 15:18</发布时间><发布终端>微博 weibo.com</发布终端><转发数/><评论数/><点赞数/><EXPORTFLAG/></item><item><博主头像>http://tva3.sinaimg.cn/crop.0.0.179.179.50/93ada6ccjw1ec9niwasx3j20500503ym.jpg</博主头像><博主id>2477631180</博主id><博主>汽车与配件杂志</博主><博主主页>http://weibo.com/automobileandparts?refer_flag=1001030103_</博主主页><博文>
		发布了头条文章：《持续推进驱动技术的革新 专访莱茵金属汽车首席执行官Horst Binnig》 |持续推进驱... ​
		</博文><博文独立网址>http://weibo.com/2477631180/F5OgI8yyp?refer_flag=1001030103_</博文独立网址><发布时间>2017-06-01 15:17</发布时间><发布终端>微博 weibo.com</发布终端><转发数/><评论数/><点赞数/><EXPORTFLAG/></item><item><博主头像>http://tva2.sinaimg.cn/crop.166.64.404.404.50/006CtLoSjw8f9va4s0y76j30i20djq5j.jpg</博主头像><博主id>6065391482</博主id><博主>发券猫</博主><博主主页>http://weibo.com/u/6065391482?refer_flag=1001030103_</博主主页><博文>
		【￥1.9】舒安特汽车腰靠
		</博文><博文独立网址>http://weibo.com/6065391482/F5ttf1LbL?refer_flag=1001030103_</博文独立网址><发布时间>2017-06-01 15:17</发布时间><发布终端>微博 weibo.com</发布终端><转发数/><评论数>1</评论数><点赞数/><EXPORTFLAG/></item><item><博主头像>http://tva2.sinaimg.cn/crop.0.0.180.180.50/9c47099djw1e8qgp5bmzyj2050050aa8.jpg</博主头像><博主id>2621901213</博主id><博主>金牛杨小羊</博主><博主主页>http://weibo.com/u/2621901213?refer_flag=1001030103_</博主主页><博文>
		汽车工业的未来：安全 电动 Autopilot自动辅助驾驶。Tesla大踏步的发展节奏体现了它在无人驾驶汽车领域的野心。或许在接下来的一段时间里要做的事，是如何来快速提高安全性能，以尽可能减少交通事故。 ​
		</博文><博文独立网址>http://weibo.com/2621901213/F5OgG5JJN?refer_flag=1001030103_</博文独立网址><发布时间>2017-06-01 15:17</发布时间><发布终端>iPhone 6s</发布终端><转发数/><评论数/><点赞数/><EXPORTFLAG/></item><item><博主头像>http://tvax3.sinaimg.cn/crop.0.0.199.199.50/6579ee89gy1fcsfesrkhjj205k05kjr5.jpg</博主头像><博主id>1702489737</博主id><博主>电子技术应用</博主><博主主页>http://weibo.com/chinaaet?refer_flag=1001030103_</博主主页><博文>
		【盘点国内五大智能网联汽车示范区】从2015年起，#智能网联汽车#示范区(基地)便开始在国内落地发芽，至今已有包括北京、上海、杭州、重庆、深圳等在内的多处示范区。业内普遍认为，智能网联汽车将成为未来最具发展潜力的风口行业，2020年可能成为#无人驾驶#车辆商业化的元年，并从此进入爆发增长时期。 ​
			...展开全文c
		</博文><博文独立网址>http://weibo.com/1702489737/F5OgBmsYc?refer_flag=1001030103_</博文独立网址><发布时间>2017-06-01 15:17</发布时间><发布终端>专业版微博</发布终端><转发数/><评论数/><点赞数/><EXPORTFLAG/></item><item><博主头像>http://tva2.sinaimg.cn/crop.0.0.141.141.50/5e296de5gw1ee786sdx0vj204003yglm.jpg</博主头像><博主id>1579773413</博主id><博主>第一商用车网</博主><博主主页>http://weibo.com/numberonecvworld?refer_flag=1001030103_</博主主页><博文>
		【百度为中国市场拼了！与大陆集团联合开发自动驾驶技术】最新报道，大陆集团周三与百度签署战略合作协议，双方将共同开发自动驾驶和智能互联汽车。@百度 网页链接 ​
		</博文><博文独立网址>http://weibo.com/1579773413/F5OgB4PwO?refer_flag=1001030103_</博文独立网址><发布时间>2017-06-01 15:17</发布时间><发布终端>360安全浏览器</发布终端><转发数/><评论数/><点赞数>1</点赞数><EXPORTFLAG/></item><item><博主头像>http://tva3.sinaimg.cn/crop.44.27.192.192.50/c335a4ddtw1ee98rvma77j207z065wek.jpg</博主头像><博主id>3275072733</博主id><博主>广汽传祺济宁祺祥店</博主><博主主页>http://weibo.com/u/3275072733?refer_flag=1001030103_</博主主页><博文>
		半税过五一 百城抢传祺 精彩大放“价” （分享自 @汽车之家） 网页链接 ​
		</博文><博文独立网址>http://weibo.com/3275072733/F5Ogt23O1?refer_flag=1001030103_</博文独立网址><发布时间>2017-06-01 15:16</发布时间><发布终端>汽车之家</发布终端><转发数/><评论数/><点赞数/><EXPORTFLAG/></item><item><博主头像>http://tva2.sinaimg.cn/crop.0.0.141.141.50/5e296de5gw1ee786sdx0vj204003yglm.jpg</博主头像><博主id>1579773413</博主id><博主>第一商用车网</博主><博主主页>http://weibo.com/numberonecvworld?refer_flag=1001030103_</博主主页><博文>
		【江淮在国际市场搞事情 帅铃T6皮卡强势登陆哥伦比亚】近日，江淮帅铃T6皮卡在哥伦比亚强势登陆。此前，帅铃T6皮卡已在委内瑞拉、菲律宾、古巴等多个国家取得了优异的市场表现。作为拉美地区最重要的市场之一，哥伦比亚拥有巨大的市场潜力。本次帅铃T6皮卡的正式上市，将让江淮汽车国际化征途更进一程 ​
			...展开全文c
		</博文><博文独立网址>http://weibo.com/1579773413/F5OgoDeQm?refer_flag=1001030103_</博文独立网址><发布时间>2017-06-01 15:16</发布时间><发布终端>360安全浏览器</发布终端><转发数/><评论数/><点赞数>1</点赞数><EXPORTFLAG/></item></列></item></列表></extraction>