<?xml version="1.0" encoding="UTF-8"?><extraction><clueid>373892854</clueid><fullpath><![CDATA[http://s.weibo.com/weibo/%25E6%25B1%25BD%25E8%25BD%25A6&typeall=1&suball=1&timescope=custom:2016-06-01:2017-06-01-23&page=37]]></fullpath><realpath><![CDATA[http://s.weibo.com/weibo/%25E6%25B1%25BD%25E8%25BD%25A6&typeall=1&suball=1&timescope=custom:2016-06-01:2017-06-01-23&page=37]]></realpath><theme>微博关键词搜索采集</theme><middle>default</middle><createdate>2017-6-1 17:41:39</createdate><pageno>37</pageno><actionno></actionno><actionvalue></actionvalue><prestamp>DSEngine-+-ds_browser_ds_task_xp1-+-1661460175</prestamp><currentstamp>DSEngine-+-ds_browser_ds_task_xp1-+-1661480403</currentstamp><baseURI><bucketBaseURI><bucketName>list</bucketName><uri><![CDATA[http://s.weibo.com/weibo/%25E6%25B1%25BD%25E8%25BD%25A6&typeall=1&suball=1&timescope=custom:2016-06-01:2017-06-01-23&page=37]]></uri></bucketBaseURI></baseURI>
<列表><item><关键字>汽车</关键字><列><item><博主头像>http://tva1.sinaimg.cn/crop.170.124.1716.1716.50/006i1XhGjw8f6ovob5ommj31kw1f5h6g.jpg</博主头像><博主id>5763237260</博主id><博主>南通微热门</博主><博主主页>http://weibo.com/u/5763237260?refer_flag=1001030103_</博主主页><博文>
		#南通身边事# 今天是6.1号吧！一天2个骚扰电话，永兴八达通卖啥汽车东站的写字楼和商品房。@南通公安 你们咋么看？ ​
		</博文><博文独立网址>http://weibo.com/5763237260/F5OweyKJC?refer_flag=1001030103_</博文独立网址><发布时间>2017-06-01 15:55</发布时间><发布终端>小米手机4c</发布终端><转发数/><评论数>7</评论数><点赞数>2</点赞数><EXPORTFLAG/></item><item><博主头像>http://tva3.sinaimg.cn/crop.0.0.180.180.50/4d3ab615jw1e8qgp5bmzyj2050050aa8.jpg</博主头像><博主id>1295693333</博主id><博主>狼牙02019</博主><博主主页>http://weibo.com/u/1295693333?refer_flag=1001030103_</博主主页><博文>
		性感主播晒长腿 卡宴惹火大片来袭_Cayenne论坛_手机汽车之家 网页链接 ​
		</博文><博文独立网址>http://weibo.com/1295693333/F5Owew7sd?refer_flag=1001030103_</博文独立网址><发布时间>2017-06-01 15:55</发布时间><发布终端>百度社会化服务</发布终端><转发数/><评论数/><点赞数/><EXPORTFLAG/></item><item><博主头像>http://tva4.sinaimg.cn/crop.0.1.1125.1125.50/97c10bb9jw8fd53l59ijwj20v90vcwfz.jpg</博主头像><博主id>2546011065</博主id><博主>公务员王主任</博主><博主主页>http://weibo.com/u/2546011065?refer_flag=1001030103_</博主主页><博文>
		最新款宝马M4鉴赏，太帅！#我与汽车的日常# ​
		</博文><博文独立网址>http://weibo.com/2546011065/F5Oweh76a?refer_flag=1001030103_</博文独立网址><发布时间>2017-06-01 15:55</发布时间><发布终端>微博 weibo.com</发布终端><转发数/><评论数>18</评论数><点赞数>6</点赞数><EXPORTFLAG/></item><item><博主头像>http://tva3.sinaimg.cn/crop.0.1.640.640.50/640b215bjw8eh6li6gulpj20hs0hugmv.jpg</博主头像><博主id>1678451035</博主id><博主>蓝一枚</博主><博主主页>http://weibo.com/lan01?refer_flag=1001030103_</博主主页><博文>
		#人人车说# 高温天气 小心爱车汽车为什么会自燃？自燃的原因主要有以下几方面：1.汽车漏油：一般汽车发生自燃都源于漏油，泄漏的汽油是最可怕的易燃物，且机动车本身就有很多可以引起自燃的着火源；2.汽车漏电：发动机工作时，点火线圈的温度很高，使高压点火导线的绝缘层软化、老化、裂损，点火 ​
			...展开全文c
		</博文><博文独立网址>http://weibo.com/1678451035/F5Oweeud8?refer_flag=1001030103_</博文独立网址><发布时间>2017-06-01 15:55</发布时间><发布终端>微话题</发布终端><转发数/><评论数/><点赞数/><EXPORTFLAG/></item><item><博主头像>http://tva4.sinaimg.cn/crop.51.50.388.388.50/006zchX2jw8f7jy3m7cb6j30dw0dwmyg.jpg</博主头像><博主id>6016897696</博主id><博主>江苏金马工程有限公司北京分公司</博主><博主主页>http://weibo.com/u/6016897696?refer_flag=1001030103_</博主主页><博文>
		发布了头条文章：【金马知识课堂】--《LNG汽车“通病”之——6大问题汇总》 |LNG汽车“通... ​
		</博文><博文独立网址>http://weibo.com/6016897696/F5Owe0tpA?refer_flag=1001030103_</博文独立网址><发布时间>2017-06-01 15:55</发布时间><发布终端>微博 weibo.com</发布终端><转发数/><评论数/><点赞数/><EXPORTFLAG/></item><item><博主头像>http://tva4.sinaimg.cn/crop.0.0.180.180.50/6875c818jw1e7t3ruqgccj2050050aa5.jpg</博主头像><博主id>1752549400</博主id><博主>全景网</博主><博主主页>http://weibo.com/wwwp5wnet?refer_flag=1001030103_</博主主页><博文>
		【大陆将发布电动车无线感应充电技术】大陆计划在今年6月的大陆技术展及今年9月的法兰克福汽车展上展示其感应充电技术，该技术被应用于电动车辆，操作简便易用。该技术采用无线充电方式，借助安装于地面上的充电垫，将电能传输到车辆底部的电力接收垫，为电动车充电。 ​
		</博文><博文独立网址>http://weibo.com/1752549400/F5OwbBaVg?refer_flag=1001030103_</博文独立网址><发布时间>2017-06-01 15:55</发布时间><发布终端>360安全浏览器</发布终端><转发数>3</转发数><评论数>1</评论数><点赞数>4</点赞数><EXPORTFLAG/></item><item><博主头像>http://tva2.sinaimg.cn/crop.6.0.531.531.50/0060Gq0kjw1fd676wknv6j30f30eracc.jpg</博主头像><博主id>5506906732</博主id><博主>嗨牛财经24小时直播</博主><博主主页>http://weibo.com/hinew8?refer_flag=1001030103_</博主主页><博文>
		实时播报：【#比亚迪#[002594]：预计二季度盈利较一季度显着增长】嗨牛财经讯，#比亚迪#[002594]董秘李黔表示，受新能源汽车补贴大幅退坡影响，今年一季度，公司净利润同比下滑28.79%。此外太阳能业务在一季度表现较差。今年1-3月，公司新能源汽车销量分别实现约600台、2100台和6500台，销量恢复非常快 ​
			...展开全文c
		</博文><博文独立网址>http://weibo.com/5506906732/F5OwbjxRA?refer_flag=1001030103_</博文独立网址><发布时间>2017-06-01 15:55</发布时间><发布终端>专业版微博</发布终端><转发数/><评论数/><点赞数/><EXPORTFLAG/></item><item><博主头像>http://tva1.sinaimg.cn/crop.0.0.180.180.50/63be029bjw1e8qgp5bmzyj2050050aa8.jpg</博主头像><博主id>1673396891</博主id><博主>中国汽车消费网</博主><博主主页>http://weibo.com/517156793?refer_flag=1001030103_</博主主页><博文>
		【久别重逢的喜悦 解读宝马8系的那些事儿】如果将每个汽车品牌比作一个大家庭的话，那么8系无疑是BMW家族里标准的“纨绔子弟”，集万千宠爱于一身，娇生惯养，无奈挥金如土，劣迹斑斑。28年前，这位败家仔因为实在太好吃懒做（成本高，销量少，尽赔钱）被长辈们忍痛“关了禁闭”，28年后，这位当年的豪 ​
			...展开全文c
		</博文><博文独立网址>http://weibo.com/1673396891/F5Ow9vrK2?refer_flag=1001030103_</博文独立网址><发布时间>2017-06-01 15:55</发布时间><发布终端>专业版微博</发布终端><转发数/><评论数/><点赞数/><EXPORTFLAG/></item><item><博主头像>http://tva3.sinaimg.cn/crop.0.0.180.180.50/73838262jw1e8qgp5bmzyj2050050aa8.jpg</博主头像><博主id>1937998434</博主id><博主>绿色蒲江</博主><博主主页>http://weibo.com/lvspj?refer_flag=1001030103_</博主主页><博文>
		#成都资讯# 【成都现共享电单车？未上牌照私自骑走或被罚款50元】继共享单车、共享汽车之后，共享电单车也出现在了成都，计费方式为骑行半小时花费2元。不过，当天，共享电单车便被交警叫停。因电单车属于电瓶车，必须上牌照才能上路。如果用户私自骑没有上牌的电单车上路，将被罚款50元。 ​
		</博文><博文独立网址>http://weibo.com/1937998434/F5Ow1xhyq?refer_flag=1001030103_</博文独立网址><发布时间>2017-06-01 15:55</发布时间><发布终端>微博 weibo.com</发布终端><转发数>6</转发数><评论数>5</评论数><点赞数>6</点赞数><EXPORTFLAG/></item><item><博主头像>http://tva1.sinaimg.cn/crop.0.0.1002.1002.50/aefabb55jw8f9y936j8wfj20ru0rujtj.jpg</博主头像><博主id>2935667541</博主id><博主>卐凡凡卍你是我的</博主><博主主页>http://weibo.com/u/2935667541?refer_flag=1001030103_</博主主页><博文>
		在他遇到问题时不能帮忙解决起码给他宽心：因此有力帆车主质疑是否为质量缺陷并提出力帆”掉轮“门。车内4名乘员受到严重伤害、他脾气再好也有烦心时、【力帆“掉轮门”高速车祸-两后轮整体脱落】一力帆汽车在广东湛江高速路上受到严重撞击发生车祸；还算什么爱情…… ​
		</博文><博文独立网址>http://weibo.com/2935667541/F5Ow1fF5S?refer_flag=1001030103_</博文独立网址><发布时间>2017-06-01 15:55</发布时间><发布终端>iPhone 7 Plus</发布终端><转发数/><评论数/><点赞数/><EXPORTFLAG/></item><item><博主头像>http://tva2.sinaimg.cn/crop.130.0.1163.1163.50/006CJ0Apjw8fb7hgxd4kmj31080wbn0j.jpg</博主头像><博主id>6069024777</博主id><博主>伏欣科技</博主><博主主页>http://weibo.com/u/6069024777?refer_flag=1001030103_</博主主页><博文>
		发布了头条文章：《雾霾那么严重，来看看汽车空调滤芯怎么选》 |雾霾那么严... ​
		</博文><博文独立网址>http://weibo.com/6069024777/F5OvZdS2c?refer_flag=1001030103_</博文独立网址><发布时间>2017-06-01 15:54</发布时间><发布终端>微博 weibo.com</发布终端><转发数>1</转发数><评论数/><点赞数/><EXPORTFLAG/></item><item><博主头像>http://tva1.sinaimg.cn/crop.0.0.180.180.50/68559ac1jw1e8qgp5bmzyj2050050aa8.jpg</博主头像><博主id>1750440641</博主id><博主>demon1218</博主><博主主页>http://weibo.com/u/1750440641?refer_flag=1001030103_</博主主页><博文>
		我免费围观了 @硬哥 的回答，问题价值 14.90 元，快来一起免费围观~ 网页链接 ​
		</博文><博文独立网址>http://weibo.com/1750440641/F5OvVjy1N?refer_flag=1001030103_</博文独立网址><发布时间>2017-06-01 15:54</发布时间><发布终端>微博 weibo.com</发布终端><转发数/><评论数/><点赞数/><EXPORTFLAG/></item><item><博主头像>http://tva3.sinaimg.cn/crop.15.0.1212.1212.50/58fe8a2djw8f9kuakb77lj20yi0xogot.jpg</博主头像><博主id>1493076525</博主id><博主>西城马科长</博主><博主主页>http://weibo.com/339012828?refer_flag=1001030103_</博主主页><博文>
		太真实了…………方程式能拐的弯不是一般“汽车”能拐得了的
		</博文><博文独立网址>http://weibo.com/2261192165/F5OrVEIgH?refer_flag=1001030103_</博文独立网址><发布时间>2017-06-01 15:54</发布时间><发布终端>微博 weibo.com</发布终端><转发数/><评论数/><点赞数/><EXPORTFLAG/></item><item><博主头像>http://tva3.sinaimg.cn/crop.0.0.179.179.50/e9c0da47jw1eazfk4vg1wj2050050wer.jpg</博主头像><博主id>3921730119</博主id><博主>新浪资讯台</博主><博主主页>http://weibo.com/newsvideo?refer_flag=1001030103_</博主主页><博文>
		【航拍：世界上最大飞机下线 采用双机身设计】世界上最大的双机身飞机“同温层发射”（Stratolaunch）于当地时间5月31日在美国加利福尼亚的莫哈韦航空基地下线。“同温层发射”是微软联合创始人保罗·艾伦与美国电动汽车制造商特斯拉创始人伊隆·马斯克共同建造的一架全球最大飞机，计划用于在空中发射火 ​
			...展开全文c
		</博文><博文独立网址>http://weibo.com/3921730119/F5OvQhw40?refer_flag=1001030103_</博文独立网址><发布时间>2017-06-01 15:54</发布时间><发布终端>微博 weibo.com</发布终端><转发数>17</转发数><评论数>17</评论数><点赞数>11</点赞数><EXPORTFLAG/></item><item><博主头像>http://tvax1.sinaimg.cn/default/images/default_avatar_male_50.gif</博主头像><博主id>1844506092</博主id><博主>小雨晨报1</博主><博主主页>http://weibo.com/u/1844506092?refer_flag=1001030103_</博主主页><博文>
		我围观了@水晶苍蝇拍 的回答，该问题价值299.00元，围观仅1元，快来一起围观~ 网页链接 ​
		</博文><博文独立网址>http://weibo.com/1844506092/F5OvAC4hM?refer_flag=1001030103_</博文独立网址><发布时间>2017-06-01 15:53</发布时间><发布终端>微博问答</发布终端><转发数/><评论数/><点赞数/><EXPORTFLAG/></item><item><博主头像>http://tva2.sinaimg.cn/crop.0.0.1242.1242.50/69a6f4a0jw8eunnza4jl6j20yi0yjdix.jpg</博主头像><博主id>1772549280</博主id><博主>啊Ling啊ling啊</博主><博主主页>http://weibo.com/u/1772549280?refer_flag=1001030103_</博主主页><博文>
		@厦门身边事 @厦门日报 @莆田网事 @维权汽车人 @湄洲日报 @莆田同城会 让大家关注，大众发动机问题已经不是小问题了，希望厂商能重视，而不是为了自己的利益而忽略消费者的人身安全。
		</博文><博文独立网址>http://weibo.com/1001961051/F5I2op2Pc?refer_flag=1001030103_</博文独立网址><发布时间>2017-06-01 15:53</发布时间><发布终端>百姓哥👣iPhone</发布终端><转发数>3</转发数><评论数>2</评论数><点赞数/><EXPORTFLAG/></item><item><博主头像>http://tva4.sinaimg.cn/crop.3.4.231.231.50/88bca1abjw8ez03rk84swj206o06oweo.jpg</博主头像><博主id>2294063531</博主id><博主>天津消防滨海支队</博主><博主主页>http://weibo.com/BINHAIXIAOFANG?refer_flag=1001030103_</博主主页><博文>
		高温天气 小心爱车汽车为什么会自燃？自燃的原因主要有以下几方面：1.汽车漏油：一般汽车发生自燃都源于漏油，泄漏的汽油是最可怕的易燃物，且机动车本身就有很多可以引起自燃的着火源；2.汽车漏电：发动机工作时，点火线圈的温度很高，使高压点火导线的绝缘层软化、老化、裂损，点火高压电易击穿 ​
			...展开全文c
		</博文><博文独立网址>http://weibo.com/2294063531/F5Ovu8Tdi?refer_flag=1001030103_</博文独立网址><发布时间>2017-06-01 15:53</发布时间><发布终端>360安全浏览器</发布终端><转发数/><评论数/><点赞数/><EXPORTFLAG/></item><item><博主头像>http://tvax4.sinaimg.cn/crop.12.0.725.725.50/e8aa61e4ly8ff7cvoty0qj20ku0k5gmn.jpg</博主头像><博主id>3903480292</博主id><博主>赣州潮生活</博主><博主主页>http://weibo.com/u/3903480292?refer_flag=1001030103_</博主主页><博文>
		#赣州身边事#【全长约1260米 赣州又一座大桥来了凤岗大桥】5月26日，赣州经开区规划分局出具了凤岗大桥及接线工程的规划设计条件，即将开展施工图设计。全长约1260米，主桥宽约36米，双向6车道，两侧接线道路宽约60m，将成为凤岗高铁新区、三江片区及新能源汽车科技城间的快速通道！ ​​
			...展开全文c
		</博文><博文独立网址>http://weibo.com/3903480292/F5OvqD7xj?refer_flag=1001030103_</博文独立网址><发布时间>2017-06-01 15:53</发布时间><发布终端>iPhone 7</发布终端><转发数/><评论数/><点赞数/><EXPORTFLAG/></item><item><博主头像>http://tva3.sinaimg.cn/crop.0.0.180.180.50/a964ab02jw1e8qgp5bmzyj2050050aa8.jpg</博主头像><博主id>2841946882</博主id><博主>深圳大鹏交警</博主><博主主页>http://weibo.com/u/2841946882?refer_flag=1001030103_</博主主页><博文>
		【解决你爱车“不听话”的小妙招】开车的过程中，相信大家都遇到过汽车“不听话”的情况，但是又不知道问题出在哪里，今天，蜀黍来给大家总结一下汽车“不听话”的情况和应对方法！ ​​​
		</博文><博文独立网址>http://weibo.com/2841946882/F5OvmuEpk?refer_flag=1001030103_</博文独立网址><发布时间>2017-06-01 15:53</发布时间><发布终端>华为手机</发布终端><转发数/><评论数/><点赞数/><EXPORTFLAG/></item><item><博主头像>http://tvax1.sinaimg.cn/crop.0.0.1006.1006.50/ad696a94ly8fezrvi5j63j20ry0ry43u.jpg</博主头像><博主id>2909366932</博主id><博主>互联网江湖老刘</博主><博主主页>http://weibo.com/jianghulaoliu?refer_flag=1001030103_</博主主页><博文>
		二手车交易离不开线下，其实核心是离不开汽车交易市场中的车商，各平台向线下转型的突破口也多在于此。优信、人人车等电商平台、美利金融易鑫等金融平台，越来越多的企业开始关注车商需求。 |“没有中间... ​
		</博文><博文独立网址>http://weibo.com/2909366932/F5Ovf4OpM?refer_flag=1001030103_</博文独立网址><发布时间>2017-06-01 15:53</发布时间><发布终端>微博 weibo.com</发布终端><转发数/><评论数/><点赞数/><EXPORTFLAG/></item></列></item></列表></extraction>