<?xml version="1.0" encoding="UTF-8"?><extraction><clueid>373892854</clueid><fullpath><![CDATA[http://s.weibo.com/weibo/%25E6%25B1%25BD%25E8%25BD%25A6&typeall=1&suball=1&timescope=custom:2016-06-01:2017-06-01-23&page=28]]></fullpath><realpath><![CDATA[http://s.weibo.com/weibo/%25E6%25B1%25BD%25E8%25BD%25A6&typeall=1&suball=1&timescope=custom:2016-06-01:2017-06-01-23&page=28]]></realpath><theme>微博关键词搜索采集</theme><middle>default</middle><createdate>2017-6-1 17:38:43</createdate><pageno>28</pageno><actionno></actionno><actionvalue></actionvalue><prestamp>DSEngine-+-ds_browser_ds_task_xp1-+-1661284138</prestamp><currentstamp>DSEngine-+-ds_browser_ds_task_xp1-+-1661304012</currentstamp><baseURI><bucketBaseURI><bucketName>list</bucketName><uri><![CDATA[http://s.weibo.com/weibo/%25E6%25B1%25BD%25E8%25BD%25A6&typeall=1&suball=1&timescope=custom:2016-06-01:2017-06-01-23&page=28]]></uri></bucketBaseURI></baseURI>
<列表><item><关键字>汽车</关键字><列><item><博主头像>http://tva3.sinaimg.cn/crop.0.1.114.114.50/a19364bdjw8f0cyjnn3dpj203603a0sm.jpg</博主头像><博主id>2710791357</博主id><博主>vg178黃金一齊發_劉海霖</博主><博主主页>http://weibo.com/emperorhk?refer_flag=1001030103_</博主主页><博文>
		在5月初美国主要汽车生产商报告4 月份新车销量下滑，表明推动美国汽车业在去年创下销售纪录的这一长期荣景期正在掉头向下发展。行业咨询公司Autodata 估算，4月份经季节调整后汽车销售年率为1688万辆，远低于路透社调查中分析师的平均预测 1720 万辆。连续两个月销售情况不佳，令到华尔街越趋担心，自 ​
			...展开全文c
		</博文><博文独立网址>http://weibo.com/2710791357/F5OEsi9cg?refer_flag=1001030103_</博文独立网址><发布时间>2017-06-01 16:15</发布时间><发布终端>微博 weibo.com</发布终端><转发数/><评论数/><点赞数/><EXPORTFLAG/></item><item><博主头像>http://tva3.sinaimg.cn/crop.86.175.440.440.50/006GW32Bjw8fctfdf2qh4j30h00m0wgx.jpg</博主头像><博主id>6131237821</博主id><博主>北二外德国留学中心</博主><博主主页>http://weibo.com/DEbisu?refer_flag=1001030103_</博主主页><博文>
		【德国重口味汽车广告】德国的汽车到底有多牛气？这个小姑娘竟然这么做#绿色包豪斯##包豪斯#就酱小姐姐...（使用#秒拍#录制，免流量看热门短视频！） ​
		</博文><博文独立网址>http://weibo.com/6131237821/F5OEonq1d?refer_flag=1001030103_</博文独立网址><发布时间>2017-06-01 16:15</发布时间><发布终端>秒拍安卓版</发布终端><转发数/><评论数/><点赞数>2</点赞数><EXPORTFLAG/></item><item><博主头像>http://tvax4.sinaimg.cn/crop.576.133.1066.1066.50/67fb2fe3ly8ffm4dmpxz8j21hc0xcdz4.jpg</博主头像><博主id>1744515043</博主id><博主>Cherylll035</博主><博主主页>http://weibo.com/cheryldll?refer_flag=1001030103_</博主主页><博文>
		下午茶后可以开共享汽车回去哦，哈哈哈 ​
		</博文><博文独立网址>http://weibo.com/1744515043/F5OEo8jXj?refer_flag=1001030103_</博文独立网址><发布时间>2017-06-01 16:15</发布时间><发布终端>魅族 MX5</发布终端><转发数/><评论数/><点赞数/><EXPORTFLAG/></item><item><博主头像>http://tva1.sinaimg.cn/crop.0.0.379.379.50/0065rGDXjw8es3iil91a9j30bu0ce0t1.jpg</博主头像><博主id>5577277453</博主id><博主>傻猫观世界</博主><博主主页>http://weibo.com/u/5577277453?refer_flag=1001030103_</博主主页><博文>
		刚想到一个可能是国人最熟悉的德语单词，但是估计大部分人把它当成英语单词了——大众汽车（德语：Volkswagen）是一家总部位于德国沃尔夫斯堡的汽车制造公司，也是世界四大汽车生产商之一的大众集团的核心企业。2016年位居《财富》世界500强第7位。 Volks在德语中意思为“国民”，Wagen在德语中意 ​
			...展开全文c
		</博文><博文独立网址>http://weibo.com/5577277453/F5OEkkfjM?refer_flag=1001030103_</博文独立网址><发布时间>2017-06-01 16:15</发布时间><发布终端>微博 weibo.com</发布终端><转发数/><评论数/><点赞数/><EXPORTFLAG/></item><item><博主头像>http://tva3.sinaimg.cn/crop.0.0.180.180.50/4d49d9f1jw1e8qgp5bmzyj2050050aa8.jpg</博主头像><博主id>1296685553</博主id><博主>长安轿车商丘威达4S店</博主><博主主页>http://weibo.com/u/1296685553?refer_flag=1001030103_</博主主页><博文>
		发表了博文《雨后汽车保养千万别忘清洗汽车底盘》发动机的空气滤清器是整个汽车的重要部件，在下雨天，空气滤清器很容易进水，特别是在经过积水的路面时，一旦进水，有可能引发严重的机械事故。专家提醒，当发现发动|雨后汽车保... ​
		</博文><博文独立网址>http://weibo.com/1296685553/F5OEga9wE?refer_flag=1001030103_</博文独立网址><发布时间>2017-06-01 16:15</发布时间><发布终端>新浪博客</发布终端><转发数/><评论数/><点赞数/><EXPORTFLAG/></item><item><博主头像>http://tva1.sinaimg.cn/crop.13.14.369.369.50/44151d09gw1el4zyvguoej20b60b6dh1.jpg</博主头像><博主id>1142234377</博主id><博主>zyphoe</博主><博主主页>http://weibo.com/zyphoe?refer_flag=1001030103_</博主主页><博文>
		好啦，接下来的问题又出现了，是继续在屎一样的汽车行业公司里做质量主管，还是加点钱回到电气行业500强做个质量工程师呢……
		</博文><博文独立网址>http://weibo.com/1142234377/EzT8odAkb?refer_flag=1001030103_</博文独立网址><发布时间>2017-06-01 16:15</发布时间><发布终端>华为P9手机摄影再突破</发布终端><转发数/><评论数/><点赞数/><EXPORTFLAG/></item><item><博主头像>http://tva3.sinaimg.cn/crop.0.0.132.132.50/684ebae3jw8ev87w0dc86j203o03o3yf.jpg</博主头像><博主id>1749990115</博主id><博主>北京青年报</博主><博主主页>http://weibo.com/bjyouth?refer_flag=1001030103_</博主主页><博文>
		【主人骑车被撞 忠犬护主猛追肇事车】5月24日，江苏张家港市，一女子骑电瓶车通过十字路口时被小轿车刮倒。女子倒地后电瓶车上跳下一只小狗，追上肇事汽车，与司机一起回到女主人身边，所幸女子并无大碍。期间小狗一直围在主人身边。澎湃新闻的... 女子说，小狗很忠心，轻易见不得她吃亏。 ​
		</博文><博文独立网址>http://weibo.com/1749990115/F5OE96Oa3?refer_flag=1001030103_</博文独立网址><发布时间>2017-06-01 16:15</发布时间><发布终端>微博 weibo.com</发布终端><转发数>15</转发数><评论数>20</评论数><点赞数>64</点赞数><EXPORTFLAG/></item><item><博主头像>http://tva3.sinaimg.cn/crop.0.0.180.180.50/751f206fjw1e8qgp5bmzyj2050050aa8.jpg</博主头像><博主id>1964974191</博主id><博主>武侯发布</博主><博主主页>http://weibo.com/cdwuhou?refer_flag=1001030103_</博主主页><博文>
		#武侯播报#【成都现共享电单车？未上牌照私自骑走或被罚款50元】继共享单车、共享汽车之后，共享电单车也出现在了成都，计费方式为骑行半小时花费2元。不过，当天，共享电单车便被交警叫停。因电单车属于电瓶车，必须上牌照才能上路。如果用户私自骑没有上牌的电单车上路，将被罚款50元。 ​​​
		</博文><博文独立网址>http://weibo.com/1964974191/F5OE92DJ5?refer_flag=1001030103_</博文独立网址><发布时间>2017-06-01 16:15</发布时间><发布终端>荣耀8 美得与众不同</发布终端><转发数>6</转发数><评论数/><点赞数/><EXPORTFLAG/></item><item><博主头像>http://tva3.sinaimg.cn/crop.0.0.1242.1242.50/006rqTAQjw8f320ucbr9nj30yi0yiabb.jpg</博主头像><博主id>5902168296</博主id><博主>江西体育发布</博主><博主主页>http://weibo.com/u/5902168296?refer_flag=1001030103_</博主主页><博文>
		【2017“陆风汽车杯”中国击剑俱乐部联赛(南昌站)拉开战幕】 5月28日，由中国击剑办会主办，南昌市体育总会和江西省青少年击剑协会承办的2017“陆风汽车杯”中国击剑俱乐部联赛(南昌站)在绿地国际博览中心拉开战幕。　本次比赛为期三天，来自全国各地报名参赛人数超过三千人。比赛首日，入场参赛和观战 ​
			...展开全文c
		</博文><博文独立网址>http://weibo.com/5902168296/F5OE6qTJM?refer_flag=1001030103_</博文独立网址><发布时间>2017-06-01 16:14</发布时间><发布终端>专业版微博</发布终端><转发数/><评论数/><点赞数/><EXPORTFLAG/></item><item><博主头像>http://tva2.sinaimg.cn/crop.0.0.180.180.50/7781ce74jw8fcb5ccdy2mj20500500sr.jpg</博主头像><博主id>2004995700</博主id><博主>汽车资讯录</博主><博主主页>http://weibo.com/u/2004995700?refer_flag=1001030103_</博主主页><博文>
		在被打劫的情况下反应还如此敏捷，绝对老司机，技术不是一般的666 #汽车资讯录#  汽车资讯录... ​
		</博文><博文独立网址>http://weibo.com/2004995700/F5OE2i21L?refer_flag=1001030103_</博文独立网址><发布时间>2017-06-01 16:14</发布时间><发布终端>微博 weibo.com</发布终端><转发数>103</转发数><评论数>3</评论数><点赞数>3</点赞数><EXPORTFLAG/></item><item><博主头像>http://tvax2.sinaimg.cn/crop.6.0.1230.1230.50/7f074e9ely8fd7hdmnsvcj20yi0y6q8f.jpg</博主头像><博主id>2131185310</博主id><博主>生活在大马</博主><博主主页>http://weibo.com/u/2131185310?refer_flag=1001030103_</博主主页><博文>
		今天购车文件因为日期出错又一次被退回，汽车销售公司还是像上几次一样怪政府部门岀错影响文件进度，社会的多面性开始展现了。 |马来西亚·... ​
		</博文><博文独立网址>http://weibo.com/2131185310/F5ODZ2P0a?refer_flag=1001030103_</博文独立网址><发布时间>2017-06-01 16:14</发布时间><发布终端>Weibo.intl</发布终端><转发数/><评论数/><点赞数/><EXPORTFLAG/></item><item><博主头像>http://tva4.sinaimg.cn/crop.0.0.180.180.50/514acb1ajw1e8qgp5bmzyj2050050aa8.jpg</博主头像><博主id>1363856154</博主id><博主>水甜净</博主><博主主页>http://weibo.com/u/1363856154?refer_flag=1001030103_</博主主页><博文>
		【通用柳州媒体沟通会】日前，通用汽车全球执行副总裁兼通用汽车中国公司总裁钱惠康到广西柳州拜访当地经销商，深入了解市场情况、倾听消费者反馈。同时钱惠康就市场发展及通用在中国的发展合作与媒体进行了沟通。 他称，预计到2020年通用在中国将投放10款新能源车产品。@中国汽车报 ​
			...展开全文c
		</博文><博文独立网址>http://weibo.com/1363856154/F5ODWk3Jy?refer_flag=1001030103_</博文独立网址><发布时间>2017-06-01 16:14</发布时间><发布终端>小米手机4</发布终端><转发数>1</转发数><评论数/><点赞数/><EXPORTFLAG/></item><item><博主头像>http://tva1.sinaimg.cn/crop.33.19.388.388.50/005AC2dvjw1efpkfgl8atj30c10boabh.jpg</博主头像><博主id>5121677245</博主id><博主>阎良区交通运输局</博主><博主主页>http://weibo.com/u/5121677245?refer_flag=1001030103_</博主主页><博文>
		阎良客运微机售票启动。6月1日，我区客运站实名认证微机售票系统正式启动，共有13条营运线路共150辆营运车辆可以在售票系统购买汽车票。微机售票系统的开通，极大提升了我区运输服务水平，让群众出行更加便捷高效。 ​
		</博文><博文独立网址>http://weibo.com/5121677245/F5ODUhBaW?refer_flag=1001030103_</博文独立网址><发布时间>2017-06-01 16:14</发布时间><发布终端>360安全浏览器</发布终端><转发数>1</转发数><评论数/><点赞数/><EXPORTFLAG/></item><item><博主头像>http://tva1.sinaimg.cn/crop.0.0.180.180.50/005QaYxrjw8exfecgtksyj3050050q2w.jpg</博主头像><博主id>5351649625</博主id><博主>A股-女侠</博主><博主主页>http://weibo.com/u/5351649625?refer_flag=1001030103_</博主主页><博文>
		#比亚迪# 【比亚迪：预计二季度盈利较一季度显着增长】比亚迪董秘李黔表示，受新能源汽车补贴大幅退坡影响，今年一季度，公司净利润同比下滑28.79%。此外太阳能业务在一季度表现较差。今年1-3月，公司新能源汽车销量分别实现约600台、2100台和6500台，销量恢复非常快。随着新能源汽车销售的恢复，预计 ​
			...展开全文c
		</博文><博文独立网址>http://weibo.com/5351649625/F5ODSeqhb?refer_flag=1001030103_</博文独立网址><发布时间>2017-06-01 16:14</发布时间><发布终端>360安全浏览器</发布终端><转发数>1</转发数><评论数>2</评论数><点赞数/><EXPORTFLAG/></item><item><博主头像>http://tva1.sinaimg.cn/crop.0.0.180.180.50/6540c4d6jw1e8qgp5bmzyj2050050aa8.jpg</博主头像><博主id>1698743510</博主id><博主>德州仪器</博主><博主主页>http://weibo.com/tisemi?refer_flag=1001030103_</博主主页><博文>
		#车轮上的TI技术# 你知道么？降压-升压稳压器有利于汽车传导抗扰性哦~~~这一次，TI并不是纸上谈兵，而是，请戳链接：网页链接，详细的表格分析以及数据图助您更好的了解这一方面的知识哟 ​
		</博文><博文独立网址>http://weibo.com/1698743510/F5ODPAaH3?refer_flag=1001030103_</博文独立网址><发布时间>2017-06-01 16:14</发布时间><发布终端>微博 weibo.com</发布终端><转发数/><评论数/><点赞数>1</点赞数><EXPORTFLAG/></item><item><博主头像>http://tva1.sinaimg.cn/crop.0.0.100.100.50/006ISQ1cjw8fddamyxkkdj302s02sglh.jpg</博主头像><博主id>6160025450</博主id><博主>51传感器</博主><博主主页>http://weibo.com/51chuanganqi?refer_flag=1001030103_</博主主页><博文>
		汽车MEMS传感器的市场解析和主要厂商盘点网页链接在汽车电子控制系统的快速增长的市场需求下，汽车传感器技术不断发展。未来汽车传感器的发展总体趋势是智能化、微型化、集成化、多功能化以及新材料和新工艺制成的新型传感器。MEMS技术传感器成为汽车传感器的主要部件。  MEMS汽车传 ​
			...展开全文c
		</博文><博文独立网址>http://weibo.com/6160025450/F5ODPhYx1?refer_flag=1001030103_</博文独立网址><发布时间>2017-06-01 16:14</发布时间><发布终端>专业版微博</发布终端><转发数/><评论数/><点赞数/><EXPORTFLAG/></item><item><博主头像>http://tva3.sinaimg.cn/crop.0.0.179.179.50/6a9b60ddgw1eevb05wnnoj2050050gln.jpg</博主头像><博主id>1788567773</博主id><博主>乐清城市网</博主><博主主页>http://weibo.com/21yq?refer_flag=1001030103_</博主主页><博文>
		【全面整治开车打手机未系安全带】今日起，开车时以手持方式使用手机，处50元罚款；驾车不系安全带，处50元罚款；乘车不系安全带，处20元罚款；汽车该配备安全带但缺损的，处200元罚款。6月5日起交警部门将全面启动整治。 ​
		</博文><博文独立网址>http://weibo.com/1788567773/F5ODKxO6Z?refer_flag=1001030103_</博文独立网址><发布时间>2017-06-01 16:14</发布时间><发布终端>360安全浏览器</发布终端><转发数/><评论数/><点赞数/><EXPORTFLAG/></item><item><博主头像>http://tvax1.sinaimg.cn/crop.0.0.750.750.50/006EZKA4ly8ff1dlv6g4cj30ku0kut9v.jpg</博主头像><博主id>6102567500</博主id><博主>白菜省钱网购优惠券</博主><博主主页>http://weibo.com/u/6102567500?refer_flag=1001030103_</博主主页><博文>
		伸缩水管汽车高压洗车水枪刷车喷枪头软管15元券，券后价24领券拍：网页链接|点上面链接... ​
		</博文><博文独立网址>http://weibo.com/6102567500/F5ODJnrWb?refer_flag=1001030103_</博文独立网址><发布时间>2017-06-01 16:14</发布时间><发布终端>淘淘达人</发布终端><转发数/><评论数/><点赞数/><EXPORTFLAG/></item><item><博主头像>http://tva1.sinaimg.cn/crop.0.0.180.180.50/595a8491jw1e8qgp5bmzyj2050050aa8.jpg</博主头像><博主id>1499104401</博主id><博主>新浪军事</博主><博主主页>http://weibo.com/milnews?refer_flag=1001030103_</博主主页><博文>
		【航拍全球最大飞机首次亮相：翼展117米长过足球场】世界上最大的双机身飞机“同温层发射”（Stratolaunch）于当地时间5月31日在美国加州的莫哈韦航空基地下线。“同温层发射”是微软联合创始人保罗·艾伦与美国电动汽车制造商特斯拉创始人伊隆·马斯克共同建造的一架全球最大飞机，计划用于在空中发射火 ​
			...展开全文c
		</博文><博文独立网址>http://weibo.com/1499104401/F5ODFtiom?refer_flag=1001030103_</博文独立网址><发布时间>2017-06-01 16:13</发布时间><发布终端>微博 weibo.com</发布终端><转发数>32</转发数><评论数>41</评论数><点赞数>45</点赞数><EXPORTFLAG/></item><item><博主头像>http://tvax3.sinaimg.cn/crop.50.65.285.285.50/709d08f9ly1fdl2zhzwfaj20af0af74l.jpg</博主头像><博主id>1889339641</博主id><博主>汽车周刊</博主><博主主页>http://weibo.com/qichezhoukan1119?refer_flag=1001030103_</博主主页><博文>
		汽车周刊新一期版式评选出炉了，快来围观 |汽车周刊新... ​
		</博文><博文独立网址>http://weibo.com/1889339641/F5ODFcAIB?refer_flag=1001030103_</博文独立网址><发布时间>2017-06-01 16:13</发布时间><发布终端>微博 weibo.com</发布终端><转发数/><评论数/><点赞数/><EXPORTFLAG/></item></列></item></列表></extraction>