<?xml version="1.0" encoding="UTF-8"?><extraction><clueid>373892854</clueid><fullpath><![CDATA[http://s.weibo.com/weibo/%25E6%25B1%25BD%25E8%25BD%25A6&typeall=1&suball=1&timescope=custom:2016-06-01:2017-06-01-23&page=35]]></fullpath><realpath><![CDATA[http://s.weibo.com/weibo/%25E6%25B1%25BD%25E8%25BD%25A6&typeall=1&suball=1&timescope=custom:2016-06-01:2017-06-01-23&page=35]]></realpath><theme>微博关键词搜索采集</theme><middle>default</middle><createdate>2017-6-1 17:40:59</createdate><pageno>35</pageno><actionno></actionno><actionvalue></actionvalue><prestamp>DSEngine-+-ds_browser_ds_task_xp1-+-1661421711</prestamp><currentstamp>DSEngine-+-ds_browser_ds_task_xp1-+-1661440837</currentstamp><baseURI><bucketBaseURI><bucketName>list</bucketName><uri><![CDATA[http://s.weibo.com/weibo/%25E6%25B1%25BD%25E8%25BD%25A6&typeall=1&suball=1&timescope=custom:2016-06-01:2017-06-01-23&page=35]]></uri></bucketBaseURI></baseURI>
<列表><item><关键字>汽车</关键字><列><item><博主头像>http://tva4.sinaimg.cn/crop.0.0.179.179.50/4cd74ebagw1ej0f42z5c5j2050050t8z.jpg</博主头像><博主id>1289178810</博主id><博主>昆山安蒂克精密五金工具有限公司</博主><博主主页>http://weibo.com/ksantiquetools?refer_flag=1001030103_</博主主页><博文>
		瓦尔特-蒂泰克斯 (Walter Titex) XD 钻孔技术：高精度 一次达到 70 x Dc 的钻深。内冷式整体硬质合金高效钻头带有 TFL 和 XPP 涂层，适用于钻深孔。它是通用机械制造业、模具行业和液压和汽车行业的理想刀具。事实和优势：与单刃枪钻相比生产效率提高达 10 倍钻孔时无需退刀
			...展开全文c
		</博文><博文独立网址>http://weibo.com/1289178810/F5OxZiWEu?refer_flag=1001030103_</博文独立网址><发布时间>2017-06-01 15:59</发布时间><发布终端>360安全浏览器</发布终端><转发数/><评论数/><点赞数/><EXPORTFLAG/></item><item><博主头像>http://tva3.sinaimg.cn/crop.21.22.192.192.50/0064CKFyjw8es181uvv4kj306506574r.jpg</博主头像><博主id>5565138200</博主id><博主>湖北润力专用汽车官网</博主><博主主页>http://weibo.com/u/5565138200?refer_flag=1001030103_</博主主页><博文>
		发表了博文《东风天龙油罐供液车各方位图片介绍》好消息，好消息！湖北润力专用汽车有限公司是东风、解放、福田、重汽、陕汽等主机厂委托改装基地，是中石化、中石油战略合作伙伴。公司充分利用电子商务平台，开拓国|东风天龙油... ​
		</博文><博文独立网址>http://weibo.com/5565138200/F5OxW1APA?refer_flag=1001030103_</博文独立网址><发布时间>2017-06-01 15:59</发布时间><发布终端>新浪博客</发布终端><转发数/><评论数/><点赞数/><EXPORTFLAG/></item><item><博主头像>http://tva3.sinaimg.cn/crop.0.0.100.100.50/b9240c3bjw8eytgowywb9j202s02sglf.jpg</博主头像><博主id>3106147387</博主id><博主>雷贝琴Hifi音响</博主><博主主页>http://weibo.com/rebecaudio?refer_flag=1001030103_</博主主页><博文>
		发表了博文《衡水兄弟雷贝琴DSP-A4推丹拿232,音犹在耳,如临现场。》专业音改第一步，进行车门隔音处理，隔音处理不仅能有效降低汽车行驶过程中产生的振动与风噪，也能让整个声场定位更加精准，让音质提升|衡水兄弟雷... ​
		</博文><博文独立网址>http://weibo.com/3106147387/F5OxRyt0y?refer_flag=1001030103_</博文独立网址><发布时间>2017-06-01 15:59</发布时间><发布终端>新浪博客</发布终端><转发数/><评论数/><点赞数/><EXPORTFLAG/></item><item><博主头像>http://tva2.sinaimg.cn/crop.0.0.180.180.50/8f51d8fbjw1e8qgp5bmzyj2050050aa8.jpg</博主头像><博主id>2404505851</博主id><博主>青岛车管</博主><博主主页>http://weibo.com/qdcgs?refer_flag=1001030103_</博主主页><博文>
		#您的安全是我们的牵挂#【为什么开车前要先开窗通风？】很多驾驶人习惯一上车就关上窗户，打开空调，其实这样会对身体产生危害！研究显示，汽车的仪表板、沙发、空气滤清器会释放“苯”，产生毒素可能伤害身体健康，所以进入车内不要马上打开空调，先打开车窗通风几分钟，再打开空调！ ​
		</博文><博文独立网址>http://weibo.com/2404505851/F5OxQFPCC?refer_flag=1001030103_</博文独立网址><发布时间>2017-06-01 15:59</发布时间><发布终端>360安全浏览器</发布终端><转发数>1</转发数><评论数/><点赞数>1</点赞数><EXPORTFLAG/></item><item><博主头像>http://tva3.sinaimg.cn/crop.0.0.996.996.50/79ce8385jw8f336jtk16oj20ro0rpac1.jpg</博主头像><博主id>2043577221</博主id><博主>七月深蓝默默</博主><博主主页>http://weibo.com/u/2043577221?refer_flag=1001030103_</博主主页><博文>
		我围观了@老曾阿牛 的回答，该问题价值999.00元，围观仅1元，快来一起围观~ 网页链接 ​
		</博文><博文独立网址>http://weibo.com/2043577221/F5OxMBzeJ?refer_flag=1001030103_</博文独立网址><发布时间>2017-06-01 15:59</发布时间><发布终端>微博问答</发布终端><转发数/><评论数/><点赞数/><EXPORTFLAG/></item><item><博主头像>http://tvax1.sinaimg.cn/crop.188.0.355.355.50/8c51fc8bly8ffm080bsjaj20hs0hs74r.jpg</博主头像><博主id>2354183307</博主id><博主>F房金柱</博主><博主主页>http://weibo.com/1111fangjinzhu?refer_flag=1001030103_</博主主页><博文>
		发表了博文《2017中国（南京）新能源汽车展，鸿日电动为行业发来新信号》绿色出行与产业开发，为中国出行产业带来了新的发展方向。无论是网约车的城市开拓，还是共享单车的全国普及，都预示着中国未来对能源及环|2017中国（... ​
		</博文><博文独立网址>http://weibo.com/2354183307/F5OxKuhtI?refer_flag=1001030103_</博文独立网址><发布时间>2017-06-01 15:59</发布时间><发布终端>新浪博客</发布终端><转发数/><评论数/><点赞数/><EXPORTFLAG/></item><item><博主头像>http://tvax2.sinaimg.cn/crop.1.3.96.96.50/006IDlBGly8fdvnz95qg4j302s02sa9v.jpg</博主头像><博主id>6156333628</博主id><博主>上海沃美园艺有限公司</博主><博主主页>http://weibo.com/u/6156333628?refer_flag=1001030103_</博主主页><博文>
		发表了博文《立体绿化将如何影响人们生活》近几年，雾霾频繁肆虐，从北京到杭州到邯郸，不管是一线城市还是二线城市甚至是三线城市，几乎都遭受着雾霾的困扰。加上汽车数量的激增，汽车尾气造成的污染也日益严重。虽|立体绿化将... ​
		</博文><博文独立网址>http://weibo.com/6156333628/F5OxGEjmh?refer_flag=1001030103_</博文独立网址><发布时间>2017-06-01 15:59</发布时间><发布终端>新浪博客</发布终端><转发数/><评论数/><点赞数/><EXPORTFLAG/></item><item><博主头像>http://tva3.sinaimg.cn/crop.0.0.180.180.50/75108f8bjw1e8qgp5bmzyj2050050aa8.jpg</博主头像><博主id>1964019595</博主id><博主>濮阳同城会</博主><博主主页>http://weibo.com/aipuyang?refer_flag=1001030103_</博主主页><博文>
		#濮阳身边事# 【濮阳这个骑电车的女子被撞，头部流血一大片，躺在地上一动不动.....】2017年6月1日早上7点10分，在濮清快速路，马庄桥镇，和潘生村路口往北100米，发生一起车祸，一辆汽车和一辆电动车相撞，电动车车主倒在地上，头部流了很多血，现在已被紧急送往医院，事故具体原因需要进一步调查！（ ​
			...展开全文c
		</博文><博文独立网址>http://weibo.com/1964019595/F5OxG53pe?refer_flag=1001030103_</博文独立网址><发布时间>2017-06-01 15:59</发布时间><发布终端>微博 weibo.com</发布终端><转发数>3</转发数><评论数>3</评论数><点赞数>1</点赞数><EXPORTFLAG/></item><item><博主头像>http://tva2.sinaimg.cn/crop.143.5.757.757.50/ec74cd87tw1eebmvw7l7rj20sg0n9791.jpg</博主头像><博主id>3967077767</博主id><博主>山西高速交警二支队十三大队</博主><博主主页>http://weibo.com/u/3967077767?refer_flag=1001030103_</博主主页><博文>
		【别让汽车控制了你】不知不觉中，你发现自己已经成了“路怒”一族。你将车开得飞快;你不耐烦地冲前面的车流和人群鸣着喇叭;你一边唾骂着在你面前加塞的人，一边频频变道，穿梭在车流中……今天你“路怒”了吗？@山西高速交警二支队 ​
		</博文><博文独立网址>http://weibo.com/3967077767/F5OxG4cr3?refer_flag=1001030103_</博文独立网址><发布时间>2017-06-01 15:59</发布时间><发布终端>vivo X6S Plus</发布终端><转发数/><评论数/><点赞数/><EXPORTFLAG/></item><item><博主头像>http://tva3.sinaimg.cn/crop.0.0.1271.1271.50/006soqCJgw1f8260d94xej30ze0ze793.jpg</博主头像><博主id>5916356617</博主id><博主>SUV大师</博主><博主主页>http://weibo.com/suvdashi?refer_flag=1001030103_</博主主页><博文>
		汽车在不同人的眼中或许是不同的东西，但是跑车应该比较例外，就算你是土豪，跑车依旧是充满魅力的，而很多跑车的造型都充满机械美感，对于女人的吸引力可能更多是因为价格，而保时捷这个品牌，却能够在外观上同时吸引不少女性和男性 |60万的保时... ​
		</博文><博文独立网址>http://weibo.com/5916356617/F5Oxwl9Xk?refer_flag=1001030103_</博文独立网址><发布时间>2017-06-01 15:58</发布时间><发布终端>微博 weibo.com</发布终端><转发数/><评论数/><点赞数/><EXPORTFLAG/></item><item><博主头像>http://tva2.sinaimg.cn/crop.58.111.388.388.50/bf9f2bfdjw8f6ff4aen29j20dw0dwq4c.jpg</博主头像><博主id>3214879741</博主id><博主>河南电视台新闻中心</博主><博主主页>http://weibo.com/hntvnewshome?refer_flag=1001030103_</博主主页><博文>
		【主人骑车被撞 忠犬护主猛追肇事车】5月24日，江苏张家港市，一女子骑电瓶车通过十字路口时被小轿车刮倒。女子倒地后电瓶车上跳下一只小狗，追上肇事汽车，与司机一起回到女主人身边，所幸女子并无大碍。期间小狗一直围在主人身边。澎湃新闻的...女子说，小狗很忠心，轻易见不得她吃亏。 ​
			...展开全文c
		</博文><博文独立网址>http://weibo.com/3214879741/F5OxrgupP?refer_flag=1001030103_</博文独立网址><发布时间>2017-06-01 15:58</发布时间><发布终端>微博 weibo.com</发布终端><转发数/><评论数>1</评论数><点赞数>1</点赞数><EXPORTFLAG/></item><item><博主头像>http://tva1.sinaimg.cn/crop.0.0.180.180.50/ae014739jw1e8qgp5bmzyj2050050aa8.jpg</博主头像><博主id>2919319353</博主id><博主>壿茬哋仩灬哭</博主><博主主页>http://weibo.com/u/2919319353?refer_flag=1001030103_</博主主页><博文>
		为中国消费者带来更多高品质，智能汽车产品。【福特新福克斯三厢版谍照曝光】长安福特汽车有限公司总裁马瑞麟此前曾表示。 |苏州·诚意... ​
		</博文><博文独立网址>http://weibo.com/2919319353/F5Oxn8j3O?refer_flag=1001030103_</博文独立网址><发布时间>2017-06-01 15:58</发布时间><发布终端>iPhone 7</发布终端><转发数/><评论数/><点赞数/><EXPORTFLAG/></item><item><博主头像>http://tva1.sinaimg.cn/crop.0.0.720.720.50/6e31ca62jw8edq0h3nhxgj20k00k0wfu.jpg</博主头像><博主id>1848756834</博主id><博主>芬芬5129</博主><博主主页>http://weibo.com/u/1848756834?refer_flag=1001030103_</博主主页><博文>
		sla2018【正确启动汽车的操作顺序】上车后，首先对钥匙门通电，当确保行车电脑自检无异常后，踩住刹车踏板将挡位换至空挡，随后进行点火操作。在着车状态下等待一段时间，待水温逐渐升高时，你需要对车身、轮胎状态进行检查。当水温逐渐升上来的时候，系好安全带，踩住刹车挂入挡位，松开驻车制动器后? ​
		</博文><博文独立网址>http://weibo.com/1848756834/F5Oxj4ON7?refer_flag=1001030103_</博文独立网址><发布时间>2017-06-01 15:58</发布时间><发布终端>微博 weibo.com</发布终端><转发数/><评论数/><点赞数/><EXPORTFLAG/></item><item><博主头像>http://tva4.sinaimg.cn/crop.93.13.284.284.50/005ES307gw1ej9qin0df0j30d608cq44.jpg</博主头像><博主id>5184598851</博主id><博主>池州开发区公安在线</博主><博主主页>http://weibo.com/czkfqga?refer_flag=1001030103_</博主主页><博文>
		【警惕骑电动车也有“路怒症”】有些市民在骑电动车时，脾气似乎比汽车车主更加急躁，特别容易引发交通事故。在此，蜀黍提醒市民：在行驶中一定要遵守交通规则，不能因为不良情绪而留下交通隐患。尤其天气渐热，市民在路上行驶时心态要平和，切勿成为“路怒症”一族。 ​
		</博文><博文独立网址>http://weibo.com/5184598851/F5Oxg5hsg?refer_flag=1001030103_</博文独立网址><发布时间>2017-06-01 15:58</发布时间><发布终端>微博 weibo.com</发布终端><转发数/><评论数/><点赞数/><EXPORTFLAG/></item><item><博主头像>http://tva4.sinaimg.cn/crop.0.0.323.323.50/b65da16djw8f2drjikdz7j208z08ztab.jpg</博主头像><博主id>3059589485</博主id><博主>城迹东莞</博主><博主主页>http://weibo.com/zhonghonghua?refer_flag=1001030103_</博主主页><博文>
		#东莞身边事#【自助终端机今起覆盖各镇街 一分钟轻松搞定车驾管业务】据悉，前东莞市的汽车保有量、驾驶人员逐年增加，交管业务也与日俱增。为更方便群众办理车驾管业务、避免群众到交警窗口排队，东莞车管所在全市34个交警大队摆放了自助办理车驾管业务的机器，经过调式后，于6月1日起提供给市民自助 ​
			...展开全文c
		</博文><博文独立网址>http://weibo.com/3059589485/F5OxfbYOY?refer_flag=1001030103_</博文独立网址><发布时间>2017-06-01 15:58</发布时间><发布终端>微博 weibo.com</发布终端><转发数/><评论数/><点赞数/><EXPORTFLAG/></item><item><博主头像>http://tvax4.sinaimg.cn/crop.0.0.664.664.50/006B4MfNly8fdvt2ivam6j30ig0igwfc.jpg</博主头像><博主id>6044660227</博主id><博主>仙女不挂科</博主><博主主页>http://weibo.com/u/6044660227?refer_flag=1001030103_</博主主页><博文>
		想踢乱斑马线推翻高架桥 想拔掉大厦高楼按扁汽车 想你来制止我按住我 吻我 ​
		</博文><博文独立网址>http://weibo.com/6044660227/F5OxctOi7?refer_flag=1001030103_</博文独立网址><发布时间>2017-06-01 15:57</发布时间><发布终端>OPPO智能手机</发布终端><转发数/><评论数>1</评论数><点赞数>2</点赞数><EXPORTFLAG/></item><item><博主头像>http://tva4.sinaimg.cn/crop.0.0.180.180.50/c7414c54jw1e8qgp5bmzyj2050050aa8.jpg</博主头像><博主id>3342945364</博主id><博主>德创咨询</博主><博主主页>http://weibo.com/u/3342945364?refer_flag=1001030103_</博主主页><博文>
		发表了博文《以租代购在中国属于朝阳产业》以租代购在中国属于朝阳产业&amp;#8203;（来源：东方网）汽车“以租代购”在国外发展非常迅速。在国内“以租代购”概念虽屡被提及，但大多数人对这一模式并不了解，市场|以租代购在... ​
		</博文><博文独立网址>http://weibo.com/3342945364/F5Oxa87lq?refer_flag=1001030103_</博文独立网址><发布时间>2017-06-01 15:57</发布时间><发布终端>新浪博客</发布终端><转发数/><评论数/><点赞数/><EXPORTFLAG/></item><item><博主头像>http://tva2.sinaimg.cn/crop.0.0.200.200.50/006CplAhjw1f9gj7edqz9j305k05kdfr.jpg</博主头像><博主id>6064338933</博主id><博主>茶茶掌_柜</博主><博主主页>http://weibo.com/u/6064338933?refer_flag=1001030103_</博主主页><博文>
		58926又开始重操旧业了，开始设计展台，我们做的汽车展台，买汽车模型花了100多块，表示心疼 ​
		</博文><博文独立网址>http://weibo.com/6064338933/F5Ox9jXg3?refer_flag=1001030103_</博文独立网址><发布时间>2017-06-01 15:57</发布时间><发布终端>OPPO R9</发布终端><转发数/><评论数/><点赞数/><EXPORTFLAG/></item><item><博主头像>http://tva3.sinaimg.cn/crop.7.9.166.166.50/6901e2b9jw8ev5cgdy4m4j20500503yj.jpg</博主头像><博主id>1761731257</博主id><博主>汽车之家</博主><博主主页>http://weibo.com/qichezhijia?refer_flag=1001030103_</博主主页><博文>
		#北极之路# 距离上次的朗伊尔技能学习已经近一年，在经过了体能强化训练之后，@gentspy 决定去中国漠河复习之前学习过的技能，为即将到来的远征做最后的准备。回京后，春节期间又意外骨折，距离最终的徒步北极远征只有不到2个月的时间，一切又变得未知。《正北偏北》第三集：漠河复训/意外骨折。 ​
			...展开全文c
		</博文><博文独立网址>http://weibo.com/1761731257/F5Ox5rwgF?refer_flag=1001030103_</博文独立网址><发布时间>2017-06-01 15:57</发布时间><发布终端>360安全浏览器</发布终端><转发数>5</转发数><评论数>1</评论数><点赞数>6</点赞数><EXPORTFLAG/></item><item><博主头像>http://tva1.sinaimg.cn/crop.0.0.180.180.50/c06d5da6jw1e8qgp5bmzyj2050050aa8.jpg</博主头像><博主id>3228392870</博主id><博主>这事必须匿名</博主><博主主页>http://weibo.com/u/3228392870?refer_flag=1001030103_</博主主页><博文>
		RType凭借速度很快征服了整个世界。宾利RType在1952年问世，它采用4.6升直列六缸发动机：成为当时公认跑得最快的四座汽车！最高时速达到163公里/小时；曾被英国某汽车杂志赋予“现代感魔幻宠车”的称谓。而后。 ​
		</博文><博文独立网址>http://weibo.com/3228392870/F5Ox3mZg0?refer_flag=1001030103_</博文独立网址><发布时间>2017-06-01 15:57</发布时间><发布终端>iPhone 5s</发布终端><转发数>1</转发数><评论数>3</评论数><点赞数/><EXPORTFLAG/></item></列></item></列表></extraction>