<?xml version="1.0" encoding="UTF-8"?><extraction><clueid>373892854</clueid><fullpath><![CDATA[http://s.weibo.com/weibo/%25E6%25B1%25BD%25E8%25BD%25A6&typeall=1&suball=1&timescope=custom:2016-06-01:2017-06-01-23&page=6]]></fullpath><realpath><![CDATA[http://s.weibo.com/weibo/%25E6%25B1%25BD%25E8%25BD%25A6&typeall=1&suball=1&timescope=custom:2016-06-01:2017-06-01-23&page=6]]></realpath><theme>微博关键词搜索采集</theme><middle>default</middle><createdate>2017-6-1 17:31:17</createdate><pageno>6</pageno><actionno></actionno><actionvalue></actionvalue><prestamp>DSEngine-+-ds_browser_ds_task_xp1-+-1660839390</prestamp><currentstamp>DSEngine-+-ds_browser_ds_task_xp1-+-1660858504</currentstamp><baseURI><bucketBaseURI><bucketName>list</bucketName><uri><![CDATA[http://s.weibo.com/weibo/%25E6%25B1%25BD%25E8%25BD%25A6&typeall=1&suball=1&timescope=custom:2016-06-01:2017-06-01-23&page=6]]></uri></bucketBaseURI></baseURI>
<列表><item><关键字>汽车</关键字><列><item><博主头像>http://tva3.sinaimg.cn/crop.0.0.290.290.50/ec636833jw8ec7w97c952j2082082t8p.jpg</博主头像><博主id>3965937715</博主id><博主>找个好点的地主</博主><博主主页>http://weibo.com/u/3965937715?refer_flag=1001030103_</博主主页><博文>
		一哭二闹三上吊、法拉利玛莎拉蒂汽车国际贸易（上海）有限公司将对相关车型进行免费更换横拉杆套件以消除该缺陷！在中国大陆地区共涉及５６辆！意大利玛莎拉蒂股份公司将召回部分进口总裁系列轿车和玛莎ＧＴ跑车。 ​
		</博文><博文独立网址>http://weibo.com/3965937715/F5P2P5uXO?refer_flag=1001030103_</博文独立网址><发布时间>2017-06-01 17:15</发布时间><发布终端>iPhone 6</发布终端><转发数/><评论数/><点赞数/><EXPORTFLAG/></item><item><博主头像>http://tva1.sinaimg.cn/crop.0.0.180.180.50/7cff0739jw1e8qgp5bmzyj2050050aa8.jpg</博主头像><博主id>2097088313</博主id><博主>山西高速交警同北大队</博主><博主主页>http://weibo.com/sxgsjjezdwdd?refer_flag=1001030103_</博主主页><博文>
		#交通违法曝光# 2017年5月21日，晋FK5201号小型汽车在二广高速亮马台隧道大同方向，因超速行驶被电子监控设备抓拍，现予以曝光,提醒驾驶人注意遵守交通规则，安全行车。 @山西高速交警二支队 ​​​ ​​​ ​​​ |大同·南郊... ​
		</博文><博文独立网址>http://weibo.com/2097088313/F5P2I4Giz?refer_flag=1001030103_</博文独立网址><发布时间>2017-06-01 17:15</发布时间><发布终端>iPhone 6 Plus</发布终端><转发数/><评论数/><点赞数/><EXPORTFLAG/></item><item><博主头像>http://tva4.sinaimg.cn/crop.0.0.290.290.50/9caf2bf1jw8ecl1nvo0l3j20820820sw.jpg</博主头像><博主id>2628725745</博主id><博主>Dear丿唯y1</博主><博主主页>http://weibo.com/u/2628725745?refer_flag=1001030103_</博主主页><博文>
		就像是女人美甲！车子的钢板上会先喷涂一层底漆：再涂颜色、喷完颜色还要喷涂清漆；然后再喷涂汽车车身颜色的漆料、以起到保护作用……要先涂加固胶……【车漆知识】一般来讲！以防止钢板生锈。 |苏州·金海... ​
		</博文><博文独立网址>http://weibo.com/2628725745/F5P2EaU55?refer_flag=1001030103_</博文独立网址><发布时间>2017-06-01 17:15</发布时间><发布终端>iPhone 5s</发布终端><转发数/><评论数/><点赞数/><EXPORTFLAG/></item><item><博主头像>http://tva1.sinaimg.cn/crop.0.0.180.180.50/7cff0739jw1e8qgp5bmzyj2050050aa8.jpg</博主头像><博主id>2097088313</博主id><博主>山西高速交警同北大队</博主><博主主页>http://weibo.com/sxgsjjezdwdd?refer_flag=1001030103_</博主主页><博文>
		#交通违法曝光# 2017年5月21日，晋HYK699号小型汽车在二广高速亮马台隧道大同方向，因超速行驶被电子监控设备抓拍，现予以曝光,提醒驾驶人注意遵守交通规则，安全行车。 @山西高速交警二支队 ​​​ ​​​ ​​​ |大同·南郊... ​
		</博文><博文独立网址>http://weibo.com/2097088313/F5P2ADKMy?refer_flag=1001030103_</博文独立网址><发布时间>2017-06-01 17:15</发布时间><发布终端>iPhone 6 Plus</发布终端><转发数/><评论数/><点赞数/><EXPORTFLAG/></item><item><博主头像>http://tvax3.sinaimg.cn/default/images/default_avatar_male_50.gif</博主头像><博主id>1357785090</博主id><博主>_H幻宇Y_</博主><博主主页>http://weibo.com/u/1357785090?refer_flag=1001030103_</博主主页><博文>
		发表了博文《贷款购车详解》好处一：让钱更值钱！第一、被忽视的汽车贬值！我们都知道新车一年的折旧率大概在20%,可想而知，如果把10万快钱放到买车上，一年以后其实你只剩下8万元，你怎么忍心让血汗钱无形中|贷款购车详... ​
		</博文><博文独立网址>http://weibo.com/1357785090/F5P2A2tlc?refer_flag=1001030103_</博文独立网址><发布时间>2017-06-01 17:15</发布时间><发布终端>新浪博客</发布终端><转发数/><评论数/><点赞数/><EXPORTFLAG/></item><item><博主头像>http://tva4.sinaimg.cn/crop.0.0.1275.1275.50/b73c4911jw8evmqp17366j20zl0zf7be.jpg</博主头像><博主id>3074181393</博主id><博主>津彩青春</博主><博主主页>http://weibo.com/u/3074181393?refer_flag=1001030103_</博主主页><博文>
		#津日关注#【主人骑车被撞 忠犬护主猛追肇事车】5月24日，江苏张家港市，一女子骑电瓶车通过十字路口时被小轿车刮倒。女子倒地后电瓶车上跳下一只小狗，追上肇事汽车，与司机一起回到女主人身边，所幸女子并无大碍。期间小狗一直围在主人身边。澎湃新闻的...​​​​
		</博文><博文独立网址>http://weibo.com/3074181393/F5P2y2ewJ?refer_flag=1001030103_</博文独立网址><发布时间>2017-06-01 17:15</发布时间><发布终端>皮皮时光机</发布终端><转发数/><评论数/><点赞数/><EXPORTFLAG/></item><item><博主头像>http://tva4.sinaimg.cn/crop.0.0.750.750.50/4d22d82bjw8f7n0c949eaj20ku0kuwf7.jpg</博主头像><博主id>1294129195</博主id><博主>营养师雨中荷</博主><博主主页>http://weibo.com/u/1294129195?refer_flag=1001030103_</博主主页><博文>
		发表了博文《六一节我送儿子一辆小汽车》六一，六一，大地穿上花衣，小朋友们手拉手，庆祝自己的节日；来到草地上，来到花园里，我们围成圆圈快乐地游戏；六一，六一，大地穿上花衣，小朋友们手拉手，庆祝自己的节日|六一节我送... ​
		</博文><博文独立网址>http://weibo.com/1294129195/F5P2xFwzs?refer_flag=1001030103_</博文独立网址><发布时间>2017-06-01 17:15</发布时间><发布终端>新浪博客</发布终端><转发数/><评论数/><点赞数/><EXPORTFLAG/></item><item><博主头像>http://tva3.sinaimg.cn/crop.0.0.199.199.50/83e058b1gw1f4er6ey1pij205k05kjrd.jpg</博主头像><博主id>2212518065</博主id><博主>丁香医生</博主><博主主页>http://weibo.com/dxydoctor?refer_flag=1001030103_</博主主页><博文>
		#丁香医生活小助手# 早上空气缺氧，不宜锻炼？不存在的。理论上，经过了一夜黑暗的清晨六七点钟，空气中二氧化碳最多。而下午三四点钟，空气中氧气最多……所以就适合运动锻炼吗？地球可不是个蔬菜大棚，也不是什么实验室玻璃瓶。如果非要计较空气好坏，倒是可以想想，什么时候的汽车尾气排放污染最小 ​
			...展开全文c
		</博文><博文独立网址>http://weibo.com/2212518065/F5P2v21dr?refer_flag=1001030103_</博文独立网址><发布时间>2017-06-01 17:15</发布时间><发布终端>微博 weibo.com</发布终端><转发数>4</转发数><评论数>4</评论数><点赞数>3</点赞数><EXPORTFLAG/></item><item><博主头像>http://tva3.sinaimg.cn/crop.442.6.1066.1066.50/006gWxKFjw8ezfikvkmbej31hc0u07mr.jpg</博主头像><博主id>5747171137</博主id><博主>四驱噪点</博主><博主主页>http://weibo.com/u/5747171137?refer_flag=1001030103_</博主主页><博文>
		#我与汽车的日常# 辽宁大连一公交车上，一名20多岁的小伙与公交司机发生争吵，双方互飙脏话。小伙不停叫嚣“单挑”，司机停车应战……原谅我不好意思的笑了！ 秒拍视频 ​
		</博文><博文独立网址>http://weibo.com/5747171137/F5P2n4rbB?refer_flag=1001030103_</博文独立网址><发布时间>2017-06-01 17:14</发布时间><发布终端>秒拍网页版</发布终端><转发数>3</转发数><评论数>3</评论数><点赞数>4</点赞数><EXPORTFLAG/></item><item><博主头像>http://tva1.sinaimg.cn/crop.0.0.180.180.50/7cff0739jw1e8qgp5bmzyj2050050aa8.jpg</博主头像><博主id>2097088313</博主id><博主>山西高速交警同北大队</博主><博主主页>http://weibo.com/sxgsjjezdwdd?refer_flag=1001030103_</博主主页><博文>
		#交通违法曝光# 2017年5月21日，蒙H99566号小型汽车在二广高速亮马台隧道大同方向，因超速行驶被电子监控设备抓拍，现予以曝光,提醒驾驶人注意遵守交通规则，安全行车。 @山西高速交警二支队 ​​​ ​​​ ​​​ |大同·南郊... ​
		</博文><博文独立网址>http://weibo.com/2097088313/F5P2lxDf3?refer_flag=1001030103_</博文独立网址><发布时间>2017-06-01 17:14</发布时间><发布终端>iPhone 6 Plus</发布终端><转发数/><评论数/><点赞数/><EXPORTFLAG/></item><item><博主头像>http://tva1.sinaimg.cn/crop.0.0.180.180.50/6e462732jw8fakmso4otwj2050050a9w.jpg</博主头像><博主id>1850091314</博主id><博主>RzKin</博主><博主主页>http://weibo.com/kinru?refer_flag=1001030103_</博主主页><博文>
		【男子驾车在英议会门前抛锚 车被警察炸毁】6月16日讯，近日在英国伦敦，一名大学生驾车旅游时，汽车却在议会门前抛锚出故障，他只好就地停车。待他返回时，却发现警方出于安全考虑已经将车炸掉。 ​
		</博文><博文独立网址>http://weibo.com/1850091314/F5P2jdB2l?refer_flag=1001030103_</博文独立网址><发布时间>2017-06-01 17:14</发布时间><发布终端>iPhone 6s</发布终端><转发数/><评论数/><点赞数/><EXPORTFLAG/></item><item><博主头像>http://tva2.sinaimg.cn/crop.0.0.512.512.50/a8dbc3fcjw8ek8dbm21kgj20e80e8js5.jpg</博主头像><博主id>2832974844</博主id><博主>十堰交警五大队</博主><博主主页>http://weibo.com/u/2832974844?refer_flag=1001030103_</博主主页><博文>
		4【怎样开车最省油】1、按照汽车保养和维修手册上推荐的方法做;2、让胎压保持适当的水平;3、给你的车辆减负;4、不要开车太猛;5、尽量挂高挡;6、高速使用定速巡航;7、让你的车辆保持清洁;8、避免让车长时间怠速;9、加油不要加太满;10、水温上来后再加速。 ​​​
		</博文><博文独立网址>http://weibo.com/2832974844/F5P2hbokN?refer_flag=1001030103_</博文独立网址><发布时间>2017-06-01 17:14</发布时间><发布终端>iPhone 6</发布终端><转发数/><评论数/><点赞数/><EXPORTFLAG/></item><item><博主头像>http://tva1.sinaimg.cn/crop.0.0.180.180.50/7cff0739jw1e8qgp5bmzyj2050050aa8.jpg</博主头像><博主id>2097088313</博主id><博主>山西高速交警同北大队</博主><博主主页>http://weibo.com/sxgsjjezdwdd?refer_flag=1001030103_</博主主页><博文>
		#交通违法曝光# 2017年5月21日，豫K27466号小型汽车在二广高速亮马台隧道大同方向，因超速行驶被电子监控设备抓拍，现予以曝光,提醒驾驶人注意遵守交通规则，安全行车。 @山西高速交警二支队 ​​​ ​​​ ​​​ |大同·南郊... ​
		</博文><博文独立网址>http://weibo.com/2097088313/F5P2ged97?refer_flag=1001030103_</博文独立网址><发布时间>2017-06-01 17:14</发布时间><发布终端>iPhone 6 Plus</发布终端><转发数/><评论数/><点赞数/><EXPORTFLAG/></item><item><博主头像>http://tva1.sinaimg.cn/crop.171.0.682.682.50/d8ecb5cejw1e810i6zwuyj20sg0iy12d.jpg</博主头像><博主id>3639391694</博主id><博主>两人一车世界</博主><博主主页>http://weibo.com/607894228?refer_flag=1001030103_</博主主页><博文>
		这一分钟不放弃，下一分钟就会有希望！！！@汽车迷Janson @粉尼熊 @顺心顺兴 
		</博文><博文独立网址>http://weibo.com/1787487381/F5iYOxR1e?refer_flag=1001030103_</博文独立网址><发布时间>2017-06-01 17:14</发布时间><发布终端>iPhone 6</发布终端><转发数/><评论数/><点赞数/><EXPORTFLAG/></item><item><博主头像>http://tva1.sinaimg.cn/crop.0.0.180.180.50/7cff0739jw1e8qgp5bmzyj2050050aa8.jpg</博主头像><博主id>2097088313</博主id><博主>山西高速交警同北大队</博主><博主主页>http://weibo.com/sxgsjjezdwdd?refer_flag=1001030103_</博主主页><博文>
		#交通违法曝光# 2017年5月21日，冀GW2856号小型汽车在二广高速亮马台隧道大同方向，因超速行驶被电子监控设备抓拍，现予以曝光,提醒驾驶人注意遵守交通规则，安全行车。 @山西高速交警二支队 ​​​ ​​​ ​​​ |大同·南郊... ​
		</博文><博文独立网址>http://weibo.com/2097088313/F5P2aDGBW?refer_flag=1001030103_</博文独立网址><发布时间>2017-06-01 17:14</发布时间><发布终端>iPhone 6 Plus</发布终端><转发数/><评论数/><点赞数/><EXPORTFLAG/></item><item><博主头像>http://tva1.sinaimg.cn/crop.0.0.180.180.50/7cff0739jw1e8qgp5bmzyj2050050aa8.jpg</博主头像><博主id>2097088313</博主id><博主>山西高速交警同北大队</博主><博主主页>http://weibo.com/sxgsjjezdwdd?refer_flag=1001030103_</博主主页><博文>
		#交通违法曝光# 2017年5月21日，蒙JS3756号小型汽车在二广高速亮马台隧道大同方向，因超速行驶被电子监控设备抓拍，现予以曝光,提醒驾驶人注意遵守交通规则，安全行车。 @山西高速交警二支队 ​​​ ​​​ ​​​ |大同·南郊... ​
		</博文><博文独立网址>http://weibo.com/2097088313/F5P22kWqY?refer_flag=1001030103_</博文独立网址><发布时间>2017-06-01 17:13</发布时间><发布终端>iPhone 6 Plus</发布终端><转发数/><评论数/><点赞数/><EXPORTFLAG/></item><item><博主头像>http://tva1.sinaimg.cn/crop.0.0.180.180.50/bd32dffdjw1e8qgp5bmzyj2050050aa8.jpg</博主头像><博主id>3174227965</博主id><博主>温江永宁镇</博主><博主主页>http://weibo.com/u/3174227965?refer_flag=1001030103_</博主主页><博文>
		【共享电单车亮相成都街头 未上牌照私自骑走或被罚款50元】共享单车、共享电瓶车、共享汽车……继自行车、电马儿、汽车登陆成都市场后，成都的共享家族又迎来了共享电单车，骑行半小时花费2元。但是，交警来现场之后，叫停了这批共享电单车的使用。因电单车属于电瓶车，必须上牌照才能上路。如果用户私 ​
			...展开全文c
		</博文><博文独立网址>http://weibo.com/3174227965/F5P1XEKdc?refer_flag=1001030103_</博文独立网址><发布时间>2017-06-01 17:13</发布时间><发布终端>360安全浏览器</发布终端><转发数/><评论数/><点赞数/><EXPORTFLAG/></item><item><博主头像>http://tva4.sinaimg.cn/crop.0.0.180.180.50/7b08e1b3jw1e8qgp5bmzyj2050050aa8.jpg</博主头像><博主id>2064179635</博主id><博主>海安交巡警曲塘中队</博主><博主主页>http://weibo.com/u/2064179635?refer_flag=1001030103_</博主主页><博文>
		交通安全小提示:避让转弯车辆当汽车的方向灯一闪一闪时，告戒人们，汽车要转弯了。我们应该注意避让转弯车辆。现代汽车的转向，都是依靠前轮来转向的。随着前轮的转动，汽车车身也逐渐改变方向。汽车转弯时所占用的空间往往大于车辆固有的宽度。前轮行驶的轨迹不与后轮的轨迹重合，也就是说，前后 ​
			...展开全文c
		</博文><博文独立网址>http://weibo.com/2064179635/F5P1U6SHL?refer_flag=1001030103_</博文独立网址><发布时间>2017-06-01 17:13</发布时间><发布终端>乐2</发布终端><转发数/><评论数/><点赞数/><EXPORTFLAG/></item><item><博主头像>http://tva2.sinaimg.cn/crop.141.0.677.677.50/70427c27jw8f7y69s7jgij20rs0rs7aj.jpg</博主头像><博主id>1883405351</博主id><博主>下半身FAN</博主><博主主页>http://weibo.com/chibariyoo?refer_flag=1001030103_</博主主页><博文>
		今日汇总：在 Gracier 练习了 4Lo 和 Lz edge，给大家送了巧克力；丰田入社，配属总务人事本部，不影响练习和比赛的前提下会去上班（上班？）；7月开始所属从中京大改为丰田汽车； Colantotte 发售宇野样式的限定款（目前网页上三个size全切），7 月 22 日会在横滨开催包含 talk show 和握手会的 event ​
		</博文><博文独立网址>http://weibo.com/1883405351/F5P1SCZfr?refer_flag=1001030103_</博文独立网址><发布时间>2017-06-01 17:13</发布时间><发布终端>Mac客户端</发布终端><转发数>2</转发数><评论数/><点赞数/><EXPORTFLAG/></item><item><博主头像>http://tva1.sinaimg.cn/crop.0.0.180.180.50/7cff0739jw1e8qgp5bmzyj2050050aa8.jpg</博主头像><博主id>2097088313</博主id><博主>山西高速交警同北大队</博主><博主主页>http://weibo.com/sxgsjjezdwdd?refer_flag=1001030103_</博主主页><博文>
		#交通违法曝光# 2017年5月21日，晋BJK262号小型汽车在二广高速亮马台隧道大同方向，因骑轧实线车道分界线行驶被电子监控设备抓拍，现予以曝光,提醒驾驶人注意遵守交通规则，安全行车。 @山西高速交警二支队 ​​​ ​​​ ​​​ 网页链接 ​
		</博文><博文独立网址>http://weibo.com/2097088313/F5P1S3Jxg?refer_flag=1001030103_</博文独立网址><发布时间>2017-06-01 17:13</发布时间><发布终端>iPhone 6 Plus</发布终端><转发数/><评论数/><点赞数/><EXPORTFLAG/></item></列></item></列表></extraction>