<?xml version="1.0" encoding="UTF-8"?><extraction><clueid>373892854</clueid><fullpath><![CDATA[http://s.weibo.com/weibo/%25E6%25B1%25BD%25E8%25BD%25A6&typeall=1&suball=1&timescope=custom:2016-06-01:2017-06-01-23&page=10]]></fullpath><realpath><![CDATA[http://s.weibo.com/weibo/%25E6%25B1%25BD%25E8%25BD%25A6&typeall=1&suball=1&timescope=custom:2016-06-01:2017-06-01-23&page=10]]></realpath><theme>微博关键词搜索采集</theme><middle>default</middle><createdate>2017-6-1 17:32:40</createdate><pageno>10</pageno><actionno></actionno><actionvalue></actionvalue><prestamp>DSEngine-+-ds_browser_ds_task_xp1-+-1660918449</prestamp><currentstamp>DSEngine-+-ds_browser_ds_task_xp1-+-1660941574</currentstamp><baseURI><bucketBaseURI><bucketName>list</bucketName><uri><![CDATA[http://s.weibo.com/weibo/%25E6%25B1%25BD%25E8%25BD%25A6&typeall=1&suball=1&timescope=custom:2016-06-01:2017-06-01-23&page=10]]></uri></bucketBaseURI></baseURI>
<列表><item><关键字>汽车</关键字><列><item><博主头像>http://tvax3.sinaimg.cn/default/images/default_avatar_male_50.gif</博主头像><博主id>1484656554</博主id><博主>手机用户1484656554</博主><博主主页>http://weibo.com/u/1484656554?refer_flag=1001030103_</博主主页><博文>
		#六一就要这样过#继汽车人后某局的动画产业惕冖保护政策的又一父母就是孩子学习的标准大胜利
		</博文><博文独立网址>http://weibo.com/1764222885/F5Oac9rB3?refer_flag=1001030103_</博文独立网址><发布时间>2017-06-01 17:03</发布时间><发布终端>微博 weibo.com</发布终端><转发数/><评论数/><点赞数/><EXPORTFLAG/></item><item><博主头像>http://tvax3.sinaimg.cn/default/images/default_avatar_male_50.gif</博主头像><博主id>1484656554</博主id><博主>手机用户1484656554</博主><博主主页>http://weibo.com/u/1484656554?refer_flag=1001030103_</博主主页><博文>
		#六一就要这样过#继汽车人后某局的动画产业惕冖保护政策的又一父母就是孩子学习的标准大胜利
		</博文><博文独立网址>http://weibo.com/1764222885/F5Oac9rB3?refer_flag=1001030103_</博文独立网址><发布时间>2017-06-01 17:03</发布时间><发布终端>微博 weibo.com</发布终端><转发数/><评论数/><点赞数/><EXPORTFLAG/></item><item><博主头像>http://tva2.sinaimg.cn/crop.215.203.546.546.50/005vBYEntw1eebmd688o3j30sg0p1te1.jpg</博主头像><博主id>5047781855</博主id><博主>镶黄旗法院</博主><博主主页>http://weibo.com/u/5047781855?refer_flag=1001030103_</博主主页><博文>
		促进汽车租赁业健康发展政策向社会征求意见-中国法院网 |促进汽车租... ​
		</博文><博文独立网址>http://weibo.com/5047781855/F5OXD0jVN?refer_flag=1001030103_</博文独立网址><发布时间>2017-06-01 17:03</发布时间><发布终端>百度分享</发布终端><转发数/><评论数/><点赞数/><EXPORTFLAG/></item><item><博主头像>http://tvax1.sinaimg.cn/crop.0.0.1242.1242.50/b9f9d4f8ly8ffv2g8oeqwj20yi0yimzh.jpg</博主头像><博主id>3120157944</博主id><博主>笙鼋赌情</博主><博主主页>http://weibo.com/u/3120157944?refer_flag=1001030103_</博主主页><博文>
		盘点：喜欢改装车？那这十辆一定不能错过 分享自@汽车之家 网页链接 ​
		</博文><博文独立网址>http://weibo.com/3120157944/F5OXBxUrG?refer_flag=1001030103_</博文独立网址><发布时间>2017-06-01 17:03</发布时间><发布终端>汽车之家iPhone版</发布终端><转发数/><评论数/><点赞数/><EXPORTFLAG/></item><item><博主头像>http://tva3.sinaimg.cn/crop.1.1.178.178.50/5ee639b1jw8ev72hh4i0fj2050050weh.jpg</博主头像><博主id>1592146353</博主id><博主>东南卫视</博主><博主主页>http://weibo.com/fjsetv?refer_flag=1001030103_</博主主页><博文>
		【主人骑车被撞 忠犬护主猛追肇事车】江苏一骑车女子被汽车撞倒在地，忠犬立刻追上肇事车辆，随同司机返回主人身边。via澎湃新闻秒拍视频 ​​​
		</博文><博文独立网址>http://weibo.com/1592146353/F5OXzc2sc?refer_flag=1001030103_</博文独立网址><发布时间>2017-06-01 17:02</发布时间><发布终端>iPhone 6s Plus</发布终端><转发数>1</转发数><评论数>2</评论数><点赞数>1</点赞数><EXPORTFLAG/></item><item><博主头像>http://tva4.sinaimg.cn/crop.0.0.800.800.50/61fecdffjw8f18zem4qgwj20m80m875h.jpg</博主头像><博主id>1644088831</博主id><博主>新浪汽车</博主><博主主页>http://weibo.com/autonews?refer_flag=1001030103_</博主主页><博文>
		#老司机课堂#这就是我放弃办理高速ETC的原因小姐姐辛苦了！汽车洋葱圈... ​
		</博文><博文独立网址>http://weibo.com/1644088831/F5OXzaNL2?refer_flag=1001030103_</博文独立网址><发布时间>2017-06-01 17:02</发布时间><发布终端>新浪汽车</发布终端><转发数>71</转发数><评论数>53</评论数><点赞数>68</点赞数><EXPORTFLAG/></item><item><博主头像>http://tvax4.sinaimg.cn/crop.36.35.233.233.50/006qBwLJly8ffhf6j9of7j308d08djrr.jpg</博主头像><博主id>5889925831</博主id><博主>stealereyewear</博主><博主主页>http://weibo.com/stealereyewear?refer_flag=1001030103_</博主主页><博文>
		如果小编说设计理念可以将完全不同的行业结合起来。你们信不信？STEALER和韩国KIA汽车集团就用事实证明了 光学行业与汽车制造业在产品设计上灵感的结合与碰撞。打造出以STINGER同名系列的豪华运动型轿车以及波音型时尚太阳镜。它们即将出市，敬请期待。#STEALER# #共同创造！共同制造！# #设计# ​
		</博文><博文独立网址>http://weibo.com/5889925831/F5OXyz8im?refer_flag=1001030103_</博文独立网址><发布时间>2017-06-01 17:02</发布时间><发布终端>微博 weibo.com</发布终端><转发数/><评论数/><点赞数>2</点赞数><EXPORTFLAG/></item><item><博主头像>http://tva2.sinaimg.cn/crop.0.0.384.384.50/4b3ddf11tw1e9rqy8ekqnj20ar0d5wfz.jpg</博主头像><博主id>1262346001</博主id><博主>tadiqi</博主><博主主页>http://weibo.com/u/1262346001?refer_flag=1001030103_</博主主页><博文>
		传祺首款MPV车型谍照曝光是否能成为国产版GL8-分享自@汽车报价大全 网页链接 ​
		</博文><博文独立网址>http://weibo.com/1262346001/F5OXtgSDi?refer_flag=1001030103_</博文独立网址><发布时间>2017-06-01 17:02</发布时间><发布终端>汽车报价大全安卓版</发布终端><转发数/><评论数/><点赞数/><EXPORTFLAG/></item><item><博主头像>http://tva1.sinaimg.cn/crop.293.193.208.208.50/005Xwhflgw1eo6ok5xjzhj30m80hg0t5.jpg</博主头像><博主id>5460160779</博主id><博主>东风本田余姚中基四明店</博主><博主主页>http://weibo.com/u/5460160779?refer_flag=1001030103_</博主主页><博文>
		中基汽车告诉你，什么样的男人最有魅力？网页链接 ​
		</博文><博文独立网址>http://weibo.com/5460160779/F5OXqkzqh?refer_flag=1001030103_</博文独立网址><发布时间>2017-06-01 17:02</发布时间><发布终端>搜狗高速浏览器</发布终端><转发数/><评论数/><点赞数/><EXPORTFLAG/></item><item><博主头像>http://tvax1.sinaimg.cn/crop.11.0.489.489.50/48adb261ly8fff25xi5k2j20e80dlt94.jpg</博主头像><博主id>1219342945</博主id><博主>猫姆猫姆</博主><博主主页>http://weibo.com/ambermate?refer_flag=1001030103_</博主主页><博文>
		网页链接 "很多人认为步行也是无用的，所以他们更愿意使用机械运输（汽车和自行车等），并在健身房里进行锻炼。" 分享自@Kindle中国 ​
		</博文><博文独立网址>http://weibo.com/1219342945/F5OXlzftq?refer_flag=1001030103_</博文独立网址><发布时间>2017-06-01 17:02</发布时间><发布终端>亚马逊中国</发布终端><转发数/><评论数/><点赞数/><EXPORTFLAG/></item><item><博主头像>http://tva1.sinaimg.cn/crop.0.0.180.180.50/9d43893djw1e8qgp5bmzyj2050050aa8.jpg</博主头像><博主id>2638448957</博主id><博主>白马黄沙</博主><博主主页>http://weibo.com/u/2638448957?refer_flag=1001030103_</博主主页><博文>
		国产汽车自主品牌要想做大做强，我们还差的很多：1.国家领导层面的重视以及一系列相关政策，制度，规则，标准的跟进和指导；2.国内汽车市场的良性引导和营造，树立民族自尊，自信，而不是目前这种崇洋媚外式的跟风，3.国内汽车产业的重组合并，优胜略汰，打造旗舰企业（至少集中精力先树立2-3个品牌 ​
			...展开全文c
		</博文><博文独立网址>http://weibo.com/2638448957/F5OXkpuey?refer_flag=1001030103_</博文独立网址><发布时间>2017-06-01 17:02</发布时间><发布终端>微博 weibo.com</发布终端><转发数>1</转发数><评论数>1</评论数><点赞数>1</点赞数><EXPORTFLAG/></item><item><博主头像>http://tva3.sinaimg.cn/crop.0.0.750.750.50/b1a93b61jw8f439yo4sdej20ku0kuabl.jpg</博主头像><博主id>2980658017</博主id><博主>呜啦啦呜啦啦我要睡啦</博主><博主主页>http://weibo.com/summerwind00?refer_flag=1001030103_</博主主页><博文>
		他心爱的小汽车 ​
		</博文><博文独立网址>http://weibo.com/2980658017/F5OXkqjbQ?refer_flag=1001030103_</博文独立网址><发布时间>2017-06-01 17:02</发布时间><发布终端>🎐🎐iPhone 6s</发布终端><转发数/><评论数>1</评论数><点赞数/><EXPORTFLAG/></item><item><博主头像>http://tva2.sinaimg.cn/crop.0.1.750.750.50/006fHkuGjw8f12d651a5pj30ku0kw3z9.jpg</博主头像><博主id>5728768918</博主id><博主>安小米家的白菜</博主><博主主页>http://weibo.com/u/5728768918?refer_flag=1001030103_</博主主页><博文>
		【日用宝贝】神驰汽车led灯泡超亮灯光改装远近H4 价155领券拍：网页链接【家居内衣】无痕一片式无钢圈文胸套装可爱兔子 价46.9领券拍：网页链接省钱白菜内部优惠券：|内部优惠券... ​
		</博文><博文独立网址>http://weibo.com/5728768918/F5OXdE5fG?refer_flag=1001030103_</博文独立网址><发布时间>2017-06-01 17:02</发布时间><发布终端>微博 weibo.com</发布终端><转发数/><评论数/><点赞数/><EXPORTFLAG/></item><item><博主头像>http://tva3.sinaimg.cn/crop.0.0.180.180.50/acdc4bb7jw1e8qgp5bmzyj2050050aa8.jpg</博主头像><博主id>2900118455</博主id><博主>山东广播电视台</博主><博主主页>http://weibo.com/sdtvcn?refer_flag=1001030103_</博主主页><博文>
		【主人骑车被撞 忠犬护主猛追肇事车】5月24日，江苏张家港市，一女子骑电瓶车通过十字路口时被小轿车刮倒。女子倒地后电瓶车上跳下一只小狗，追上肇事汽车，与司机一起回到女主人身边，所幸女子并无大碍。期间小狗一直围在主人身边。澎湃新闻的...女子说，小狗很忠心，轻易见不得她吃亏。 ​
			...展开全文c
		</博文><博文独立网址>http://weibo.com/2900118455/F5OXdz9Aa?refer_flag=1001030103_</博文独立网址><发布时间>2017-06-01 17:02</发布时间><发布终端>微博 weibo.com</发布终端><转发数/><评论数/><点赞数>1</点赞数><EXPORTFLAG/></item><item><博主头像>http://tvax2.sinaimg.cn/crop.0.0.1500.1500.50/69678abfly8fers0ljdl6j215o15otvw.jpg</博主头像><博主id>1768393407</博主id><博主>无敌老超人</博主><博主主页>http://weibo.com/lizhichao1984?refer_flag=1001030103_</博主主页><博文>
		从去年开始写游记，我一直在我们5X独家发，刚才在汽车之家和马蜂窝发了几个之前的游记，这些网站的发帖功能怎么能这么难用啊，真是要了亲命了，亏我还是个互联网工作者，对于那些特别会写但电脑玩不溜的作家，发帖这事简直是个噩梦。 ​
		</博文><博文独立网址>http://weibo.com/1768393407/F5OXbv3Zs?refer_flag=1001030103_</博文独立网址><发布时间>2017-06-01 17:01</发布时间><发布终端>微博 weibo.com</发布终端><转发数/><评论数>4</评论数><点赞数>1</点赞数><EXPORTFLAG/></item><item><博主头像>http://tva2.sinaimg.cn/crop.0.0.180.180.50/bc9acf62jw1e8qgp5bmzyj2050050aa8.jpg</博主头像><博主id>3164262242</博主id><博主>南充明云掀新车业</博主><博主主页>http://weibo.com/u/3164262242?refer_flag=1001030103_</博主主页><博文>
		@长安汽车 @长安汽车客户服务
		</博文><博文独立网址>http://weibo.com/2600497597/F5M7dpLBi?refer_flag=1001030103_</博文独立网址><发布时间>2017-06-01 17:01</发布时间><发布终端>微博 weibo.com</发布终端><转发数/><评论数/><点赞数/><EXPORTFLAG/></item><item><博主头像>http://tva4.sinaimg.cn/crop.0.0.996.996.50/006yQYFgjw8f79yxyia71j30ro0ro75l.jpg</博主头像><博主id>6011818670</博主id><博主>她是盛盛盛佛森啊</博主><博主主页>http://weibo.com/u/6011818670?refer_flag=1001030103_</博主主页><博文>
		哈哈哈哈哈哈哈哈哈哈哈哈，真的很想笑，你绝逼是我见过最清新脱俗的绿茶婊，也不知道你在碧池这条路上你还能有多远，长点心吧，别再把人海一粒渣当成河畔一朵花。@沈男神爱吃西瓜 为我最重要的人受过的委屈骂你！有人生没人教，教养这个东西你没有，所以不好意思，你不配跟她比。公共汽车~！
		</博文><博文独立网址>http://weibo.com/1991758951/F5OingDAM?refer_flag=1001030103_</博文独立网址><发布时间>2017-06-01 17:01</发布时间><发布终端>iPhone 6s</发布终端><转发数/><评论数>4</评论数><点赞数>2</点赞数><EXPORTFLAG/></item><item><博主头像>http://tva2.sinaimg.cn/crop.0.0.180.180.50/bc9acf62jw1e8qgp5bmzyj2050050aa8.jpg</博主头像><博主id>3164262242</博主id><博主>南充明云掀新车业</博主><博主主页>http://weibo.com/u/3164262242?refer_flag=1001030103_</博主主页><博文>
		@长安汽车 @长安汽车客户服务
		</博文><博文独立网址>http://weibo.com/1740936973/F5MdYomfk?refer_flag=1001030103_</博文独立网址><发布时间>2017-06-01 17:01</发布时间><发布终端>微博 weibo.com</发布终端><转发数/><评论数/><点赞数/><EXPORTFLAG/></item><item><博主头像>http://tva2.sinaimg.cn/crop.0.0.180.180.50/bc9acf62jw1e8qgp5bmzyj2050050aa8.jpg</博主头像><博主id>3164262242</博主id><博主>南充明云掀新车业</博主><博主主页>http://weibo.com/u/3164262242?refer_flag=1001030103_</博主主页><博文>
		@长安汽车 @长安汽车客户服务
		</博文><博文独立网址>http://weibo.com/1740936973/F5NCUuHEB?refer_flag=1001030103_</博文独立网址><发布时间>2017-06-01 17:01</发布时间><发布终端>微博 weibo.com</发布终端><转发数/><评论数/><点赞数/><EXPORTFLAG/></item><item><博主头像>http://tva3.sinaimg.cn/crop.50.77.751.751.50/6935002fgw1f9rqsk45baj20ys0n3aki.jpg</博主头像><博主id>1765081135</博主id><博主>-江西万通汽车学院-</博主><博主主页>http://weibo.com/jxwtqx?refer_flag=1001030103_</博主主页><博文>
		#六一儿童节# #万通极速少年#重拾汽车梦吧，快来 ​​​​ ​​​​
		</博文><博文独立网址>http://weibo.com/1765081135/F5OWWdY4k?refer_flag=1001030103_</博文独立网址><发布时间>2017-06-01 17:01</发布时间><发布终端>微博 weibo.com</发布终端><转发数/><评论数/><点赞数/><EXPORTFLAG/></item></列></item></列表></extraction>