<?xml version="1.0" encoding="UTF-8"?><extraction><clueid>373892854</clueid><fullpath><![CDATA[http://s.weibo.com/weibo/%25E6%25B1%25BD%25E8%25BD%25A6&typeall=1&suball=1&timescope=custom:2016-06-01:2017-06-01-23&page=2]]></fullpath><realpath><![CDATA[http://s.weibo.com/weibo/%25E6%25B1%25BD%25E8%25BD%25A6&typeall=1&suball=1&timescope=custom:2016-06-01:2017-06-01-23&page=2]]></realpath><theme>微博关键词搜索采集</theme><middle>default</middle><createdate>2017-6-1 17:29:55</createdate><pageno>2</pageno><actionno></actionno><actionvalue></actionvalue><prestamp>DSEngine-+-ds_browser_ds_task_xp1-+-1660758175</prestamp><currentstamp>DSEngine-+-ds_browser_ds_task_xp1-+-1660776880</currentstamp><baseURI><bucketBaseURI><bucketName>list</bucketName><uri><![CDATA[http://s.weibo.com/weibo/%25E6%25B1%25BD%25E8%25BD%25A6&typeall=1&suball=1&timescope=custom:2016-06-01:2017-06-01-23&page=2]]></uri></bucketBaseURI></baseURI>
<列表><item><关键字>汽车</关键字><列><item><博主头像>http://tva1.sinaimg.cn/crop.0.0.180.180.50/e7d97c2djw1ef11db1cv5j2050050mx1.jpg</博主头像><博主id>3889789997</博主id><博主>OFweek锂电网</博主><博主主页>http://weibo.com/ofweeklibattery?refer_flag=1001030103_</博主主页><博文>
		【大陆集团与蔚来汽车签订战略协议 深化智能电动汽车领域合作】6月1日，科技公司大陆集团在德国柏林与蔚来正式签署战略合作框架协议，双方将在纯电动汽车、智能交通与自动化驾驶等领域展开紧密合作，致力于建立长期稳定的合作关系。根据协议，大陆集团与蔚来将进一步就蔚来新车型展开合作。 ​
			...展开全文c
		</博文><博文独立网址>http://weibo.com/3889789997/F5P6lax0L?refer_flag=1001030103_</博文独立网址><发布时间>2017-06-01 17:24</发布时间><发布终端>360安全浏览器</发布终端><转发数/><评论数/><点赞数/><EXPORTFLAG/></item><item><博主头像>http://tva4.sinaimg.cn/crop.0.0.180.180.50/64adf44bjw1e8qgp5bmzyj2050050aa8.jpg</博主头像><博主id>1689121867</博主id><博主>环球卡车网</博主><博主主页>http://weibo.com/eotruck?refer_flag=1001030103_</博主主页><博文>
		【江淮在国际市场搞事情 帅铃T6皮卡强势登陆哥伦比亚】近日，江淮帅铃T6皮卡在哥伦比亚强势登陆。此前，帅铃T6皮卡已在委内瑞拉、菲律宾、古巴等多个国家取得了优异的市场表现。作为拉美地区最重要的市场之一，哥伦比亚拥有巨大的市场潜力。本次帅铃T6皮卡的正式上市，将让江淮汽车国际化征途更进一程! ​
			...展开全文c
		</博文><博文独立网址>http://weibo.com/1689121867/F5P6kiSP5?refer_flag=1001030103_</博文独立网址><发布时间>2017-06-01 17:24</发布时间><发布终端>360安全浏览器</发布终端><转发数/><评论数/><点赞数>1</点赞数><EXPORTFLAG/></item><item><博主头像>http://tva2.sinaimg.cn/crop.35.15.733.733.50/5f45984fjw8f5pzgmqa9dj20m80m8wfo.jpg</博主头像><博主id>1598396495</博主id><博主>辣味酱RaviJiang</博主><博主主页>http://weibo.com/u/1598396495?refer_flag=1001030103_</博主主页><博文>
		虽然不喜欢路虎车，但路虎先发现车主系列campaign实在做的不错，一切源于发现的concept也在汽车广告中处于平均值之上，值得表扬 ​
		</博文><博文独立网址>http://weibo.com/1598396495/F5P6jaOeg?refer_flag=1001030103_</博文独立网址><发布时间>2017-06-01 17:24</发布时间><发布终端>Mac客户端</发布终端><转发数/><评论数/><点赞数/><EXPORTFLAG/></item><item><博主头像>http://tva4.sinaimg.cn/crop.381.117.1345.1345.50/006pBq7Kjw8fa909cc986j31kw14ntrj.jpg</博主头像><博主id>5875123952</博主id><博主>Honlam林</博主><博主主页>http://weibo.com/u/5875123952?refer_flag=1001030103_</博主主页><博文>
		绿色地狱24小时耐力赛，各届“战将”！#Honlam林# #GTM汽车# ​
		</博文><博文独立网址>http://weibo.com/5875123952/F5P6hCphK?refer_flag=1001030103_</博文独立网址><发布时间>2017-06-01 17:24</发布时间><发布终端>微博 weibo.com</发布终端><转发数/><评论数/><点赞数/><EXPORTFLAG/></item><item><博主头像>http://tva2.sinaimg.cn/crop.102.0.216.216.50/7c7e7521jw8f122fg632hj20i207q754.jpg</博主头像><博主id>2088662305</博主id><博主>平安洛阳-老城派出所</博主><博主主页>http://weibo.com/u/2088662305?refer_flag=1001030103_</博主主页><博文>
		太揪心！将这段视频转给更多人！告诉你为什么汽车后座也要系安全带！能救命！（央视） 央视新闻的... ​
		</博文><博文独立网址>http://weibo.com/2088662305/F5P6c3DvI?refer_flag=1001030103_</博文独立网址><发布时间>2017-06-01 17:24</发布时间><发布终端>分享按钮</发布终端><转发数/><评论数/><点赞数/><EXPORTFLAG/></item><item><博主头像>http://tva3.sinaimg.cn/crop.0.0.518.518.50/7720a35ajw8fcb49elyucj20ee0eejt6.jpg</博主头像><博主id>1998627674</博主id><博主>汽车糗事</博主><博主主页>http://weibo.com/u/1998627674?refer_flag=1001030103_</博主主页><博文>
		【自检汽车刹车片的方法 保障行车安全】 如今汽车除了是单纯的代步工具，也是很多人的生活伙伴，不少朋友喜欢在工作之余玩车琢磨车。还有一些朋友即便不太懂车，也希望通过用车经历来获取更多的汽车知识，运用这些知识来检查自己的车辆。 ​
		</博文><博文独立网址>http://weibo.com/1998627674/F5P6brYlG?refer_flag=1001030103_</博文独立网址><发布时间>2017-06-01 17:24</发布时间><发布终端>皮皮时光机</发布终端><转发数/><评论数/><点赞数/><EXPORTFLAG/></item><item><博主头像>http://tva1.sinaimg.cn/crop.0.0.1242.1242.50/5f3ecb46jw8f2o76f593gj20yi0yi77m.jpg</博主头像><博主id>1597950790</博主id><博主>内大叔</博主><博主主页>http://weibo.com/lelexiaowu?refer_flag=1001030103_</博主主页><博文>
		“5月24日，江苏张家港市，一名女子骑电瓶车通过十字路口时被小轿车刮倒。监控显示，女子倒地后电瓶车上跳下一只小狗，追上肇事汽车，同司机一起回到女主人身边。”关注@内大叔、每天给你不一样的精彩。澎湃新闻的...（使用#秒拍#录制,免流量看热门短视频!） ​
		</博文><博文独立网址>http://weibo.com/1597950790/F5P6b7sfh?refer_flag=1001030103_</博文独立网址><发布时间>2017-06-01 17:24</发布时间><发布终端>秒拍客户端</发布终端><转发数/><评论数/><点赞数/><EXPORTFLAG/></item><item><博主头像>http://tvax3.sinaimg.cn/crop.0.0.511.511.50/a26117f8ly8ffwcl0qj8fj20e80e7jru.jpg</博主头像><博主id>2724272120</博主id><博主>摘牌暴增200匹___-</博主><博主主页>http://weibo.com/u/2724272120?refer_flag=1001030103_</博主主页><博文>
		分享自@汽车之家 网页链接 ​
		</博文><博文独立网址>http://weibo.com/2724272120/F5P6agsCC?refer_flag=1001030103_</博文独立网址><发布时间>2017-06-01 17:24</发布时间><发布终端>汽车之家iPhone版</发布终端><转发数/><评论数/><点赞数/><EXPORTFLAG/></item><item><博主头像>http://tva4.sinaimg.cn/crop.0.0.180.180.50/4d05366cjw1e8qgp5bmzyj2050050aa8.jpg</博主头像><博主id>1292187244</博主id><博主>网易商业</博主><博主主页>http://weibo.com/biz163?refer_flag=1001030103_</博主主页><博文>
		#网易新闻# 【长安福特前4月销量下滑19% 福特现大规模人事调整】随着吉姆·哈克特（Jim Hackett）接替马克·菲尔兹（Mark Fields）成为新任总裁兼首席执行官，福特汽车近日进行了一轮涉及20余人的人事调整。在全球和中国市场连续换将的背后，是福特遭遇利润和销量双下滑的现实。在全球，福特汽车今年一 ​
			...展开全文c
		</博文><博文独立网址>http://weibo.com/1292187244/F5P69n8rj?refer_flag=1001030103_</博文独立网址><发布时间>2017-06-01 17:24</发布时间><发布终端>微博 weibo.com</发布终端><转发数/><评论数/><点赞数/><EXPORTFLAG/></item><item><博主头像>http://tva4.sinaimg.cn/crop.8.0.733.733.50/ac21291djw8f5ll7xpglkj20ku0kd3zn.jpg</博主头像><博主id>2887854365</博主id><博主>Rline-成</博主><博主主页>http://weibo.com/u/2887854365?refer_flag=1001030103_</博主主页><博文>
		//享受那刻推背感 雨燕改装涡轮增压 分享自@汽车之家 分享链接 网页链接 ​
		</博文><博文独立网址>http://weibo.com/2887854365/F5P64CnHj?refer_flag=1001030103_</博文独立网址><发布时间>2017-06-01 17:23</发布时间><发布终端>汽车之家Android版</发布终端><转发数/><评论数/><点赞数/><EXPORTFLAG/></item><item><博主头像>http://tva3.sinaimg.cn/crop.216.477.1137.1137.50/006p1PxWjw8f9erllc9dzj31kw1kw4q5.jpg</博主头像><博主id>5866641868</博主id><博主>宁津县岐森橡塑制品有限责任公司</博主><博主主页>http://weibo.com/u/5866641868?refer_flag=1001030103_</博主主页><博文>
		#微博橱窗##全网诚信通官方# 供应汽车消声器吊耳 四孔加长排气管吊胶 耐高温消声器吊耳 |供应汽车消... ​
		</博文><博文独立网址>http://weibo.com/5866641868/F5P6216En?refer_flag=1001030103_</博文独立网址><发布时间>2017-06-01 17:23</发布时间><发布终端>全网诚信通</发布终端><转发数/><评论数/><点赞数/><EXPORTFLAG/></item><item><博主头像>http://tva3.sinaimg.cn/crop.216.477.1137.1137.50/006p1PxWjw8f9erllc9dzj31kw1kw4q5.jpg</博主头像><博主id>5866641868</博主id><博主>宁津县岐森橡塑制品有限责任公司</博主><博主主页>http://weibo.com/u/5866641868?refer_flag=1001030103_</博主主页><博文>
		#微博橱窗##全网诚信通官方# 专业生产汽车消声器吊耳 赛车竞技改装高硬度通用款 消声器吊耳 |专业生产汽... ​
		</博文><博文独立网址>http://weibo.com/5866641868/F5P60w7vh?refer_flag=1001030103_</博文独立网址><发布时间>2017-06-01 17:23</发布时间><发布终端>全网诚信通</发布终端><转发数/><评论数/><点赞数/><EXPORTFLAG/></item><item><博主头像>http://tva3.sinaimg.cn/crop.216.477.1137.1137.50/006p1PxWjw8f9erllc9dzj31kw1kw4q5.jpg</博主头像><博主id>5866641868</博主id><博主>宁津县岐森橡塑制品有限责任公司</博主><博主主页>http://weibo.com/u/5866641868?refer_flag=1001030103_</博主主页><博文>
		#微博橱窗##全网诚信通官方# 专业生产通用两孔消声器吊耳 汽车排气管支架 排气管吊胶 |专业生产通... ​
		</博文><博文独立网址>http://weibo.com/5866641868/F5P5Z3zuJ?refer_flag=1001030103_</博文独立网址><发布时间>2017-06-01 17:23</发布时间><发布终端>全网诚信通</发布终端><转发数/><评论数/><点赞数/><EXPORTFLAG/></item><item><博主头像>http://tva2.sinaimg.cn/crop.0.0.179.179.50/8b81fa8egw1ej4yu1pf9pj205005074d.jpg</博主头像><博主id>2340551310</博主id><博主>玉溪网</博主><博主主页>http://weibo.com/yxxww?refer_flag=1001030103_</博主主页><博文>
		【中心城区开通第20路公交车】5月26日，记者从玉溪市公共汽车服务公司获悉，为方便群众出行和填补公交线路空白，6月1日起，中心城区开通第20路公交车，该公交线路往返于钱瓜山至铭德上居东门之间，沿途经过23个站点，首班7:30，末班19:00。票价1元。据市公共汽车服务公司经理助理李海波介绍，新开通的 ​
			...展开全文c
		</博文><博文独立网址>http://weibo.com/2340551310/F5P5Xgv08?refer_flag=1001030103_</博文独立网址><发布时间>2017-06-01 17:23</发布时间><发布终端>专业版微博</发布终端><转发数>1</转发数><评论数/><点赞数/><EXPORTFLAG/></item><item><博主头像>http://tva4.sinaimg.cn/crop.0.0.533.533.50/006ws87Hjw8f61hbz0bujj30et0ettad.jpg</博主头像><博主id>5976344157</博主id><博主>哈弗润滑油</博主><博主主页>http://weibo.com/haferd?refer_flag=1001030103_</博主主页><博文>
		Hello 6月！一年中最热的月份来临，全国各地即将进入“烤肉”模式！车辆长时间在烈日下停放，车厢内温度很高，汽车内饰极易在高温中挥发出苯、甲醛等有害气体。遇到这种情况，切忌车辆着火后立即使用空调，应先把所有车窗打开进行通风，把热气废气排出去，等车厢内温度变低后，再关闭车窗，打开空调。 ​
		</博文><博文独立网址>http://weibo.com/5976344157/F5P5REwXt?refer_flag=1001030103_</博文独立网址><发布时间>2017-06-01 17:23</发布时间><发布终端>专业版微博</发布终端><转发数>1</转发数><评论数/><点赞数>5</点赞数><EXPORTFLAG/></item><item><博主头像>http://tva3.sinaimg.cn/crop.0.0.179.179.50/9dd68f07gw1eckahfbk95j2050050jrk.jpg</博主头像><博主id>2648084231</博主id><博主>盖世汽车资讯</博主><博主主页>http://weibo.com/gasgoonews?refer_flag=1001030103_</博主主页><博文>
		#微博汽车趣闻#【特斯拉音响系统优异 音量大 明星险被逮捕】国际著名DJ和音乐制作人Skrillex由于在特斯拉Model X中播放音乐太大声而险些被捕。Skrillex被带出Model X时双手紧铐，警察在弄清他的身份后，给他一个噪音超标的警告就放他走了。|特斯拉音响... ​
		</博文><博文独立网址>http://weibo.com/2648084231/F5P5Q9NZJ?refer_flag=1001030103_</博文独立网址><发布时间>2017-06-01 17:23</发布时间><发布终端>微博 weibo.com</发布终端><转发数/><评论数/><点赞数/><EXPORTFLAG/></item><item><博主头像>http://tva3.sinaimg.cn/crop.216.477.1137.1137.50/006p1PxWjw8f9erllc9dzj31kw1kw4q5.jpg</博主头像><博主id>5866641868</博主id><博主>宁津县岐森橡塑制品有限责任公司</博主><博主主页>http://weibo.com/u/5866641868?refer_flag=1001030103_</博主主页><博文>
		#微博橱窗##全网诚信通官方# 原厂两孔排气管吊耳 汽车消声器吊耳 橡胶吊耳 |原厂两孔排... ​
		</博文><博文独立网址>http://weibo.com/5866641868/F5P5Py8eq?refer_flag=1001030103_</博文独立网址><发布时间>2017-06-01 17:23</发布时间><发布终端>全网诚信通</发布终端><转发数/><评论数/><点赞数/><EXPORTFLAG/></item><item><博主头像>http://tva3.sinaimg.cn/crop.216.477.1137.1137.50/006p1PxWjw8f9erllc9dzj31kw1kw4q5.jpg</博主头像><博主id>5866641868</博主id><博主>宁津县岐森橡塑制品有限责任公司</博主><博主主页>http://weibo.com/u/5866641868?refer_flag=1001030103_</博主主页><博文>
		#微博橱窗##全网诚信通官方# 专供外贸三孔汽车消声器吊耳 汽车排气管支架 吊胶排气管缓冲垫 |专供外贸三... ​
		</博文><博文独立网址>http://weibo.com/5866641868/F5P5NuBqM?refer_flag=1001030103_</博文独立网址><发布时间>2017-06-01 17:23</发布时间><发布终端>全网诚信通</发布终端><转发数/><评论数/><点赞数/><EXPORTFLAG/></item><item><博主头像>http://tva1.sinaimg.cn/crop.10.12.167.167.50/65b5b071jw1esyrmgi8zsj2050050wej.jpg</博主头像><博主id>1706406001</博主id><博主>每日甘肃网</博主><博主主页>http://weibo.com/gansudaily?refer_flag=1001030103_</博主主页><博文>
		太揪心！将这段视频转给更多人！告诉你为什么汽车后座也要系安全带！能救命！（央视） 央视新闻的... ​
		</博文><博文独立网址>http://weibo.com/1706406001/F5P5Lbp72?refer_flag=1001030103_</博文独立网址><发布时间>2017-06-01 17:23</发布时间><发布终端>分享按钮</发布终端><转发数/><评论数/><点赞数/><EXPORTFLAG/></item><item><博主头像>http://tva3.sinaimg.cn/crop.216.477.1137.1137.50/006p1PxWjw8f9erllc9dzj31kw1kw4q5.jpg</博主头像><博主id>5866641868</博主id><博主>宁津县岐森橡塑制品有限责任公司</博主><博主主页>http://weibo.com/u/5866641868?refer_flag=1001030103_</博主主页><博文>
		#微博橱窗##全网诚信通官方# 专业生产汽车消声器吊耳 宝马排气管吊耳 奥迪消声器吊耳 |专业生产汽... ​
		</博文><博文独立网址>http://weibo.com/5866641868/F5P5JlpAn?refer_flag=1001030103_</博文独立网址><发布时间>2017-06-01 17:23</发布时间><发布终端>全网诚信通</发布终端><转发数/><评论数/><点赞数/><EXPORTFLAG/></item></列></item></列表></extraction>