<?xml version="1.0" encoding="UTF-8"?><extraction><clueid>373892854</clueid><fullpath><![CDATA[http://s.weibo.com/weibo/%25E6%25B1%25BD%25E8%25BD%25A6&typeall=1&suball=1&timescope=custom:2016-06-01:2017-06-01-23&page=33]]></fullpath><realpath><![CDATA[http://s.weibo.com/weibo/%25E6%25B1%25BD%25E8%25BD%25A6&typeall=1&suball=1&timescope=custom:2016-06-01:2017-06-01-23&page=33]]></realpath><theme>微博关键词搜索采集</theme><middle>default</middle><createdate>2017-6-1 17:40:20</createdate><pageno>33</pageno><actionno></actionno><actionvalue></actionvalue><prestamp>DSEngine-+-ds_browser_ds_task_xp1-+-1661381166</prestamp><currentstamp>DSEngine-+-ds_browser_ds_task_xp1-+-1661401289</currentstamp><baseURI><bucketBaseURI><bucketName>list</bucketName><uri><![CDATA[http://s.weibo.com/weibo/%25E6%25B1%25BD%25E8%25BD%25A6&typeall=1&suball=1&timescope=custom:2016-06-01:2017-06-01-23&page=33]]></uri></bucketBaseURI></baseURI>
<列表><item><关键字>汽车</关键字><列><item><博主头像>http://tva1.sinaimg.cn/crop.0.0.98.98.50/006q2N3qjw8f30w2hfqisj302s02smx3.jpg</博主头像><博主id>5881646952</博主id><博主>美擎Amazing</博主><博主主页>http://weibo.com/u/5881646952?refer_flag=1001030103_</博主主页><博文>
		#美擎汽车#防追尾又防碰瓷，这个系统你不能少！视知TV的秒... ​
		</博文><博文独立网址>http://weibo.com/5881646952/F5Ozh7uUU?refer_flag=1001030103_</博文独立网址><发布时间>2017-06-01 16:03</发布时间><发布终端>微博 weibo.com</发布终端><转发数/><评论数/><点赞数/><EXPORTFLAG/></item><item><博主头像>http://tvax2.sinaimg.cn/crop.113.12.1032.1032.50/005DBRcGly8ffk6b9821vj31fm0t1jwh.jpg</博主头像><博主id>5165963918</博主id><博主>Cars大图</博主><博主主页>http://weibo.com/JCcarshow?refer_flag=1001030103_</博主主页><博文>
		我免费围观了 @硬哥 的回答，问题价值 14.90 元，快来一起免费围观~ 网页链接 ​
		</博文><博文独立网址>http://weibo.com/5165963918/F5Ozh28gI?refer_flag=1001030103_</博文独立网址><发布时间>2017-06-01 16:03</发布时间><发布终端>微博 weibo.com</发布终端><转发数/><评论数/><点赞数/><EXPORTFLAG/></item><item><博主头像>http://tva3.sinaimg.cn/crop.7.9.166.166.50/6901e2b9jw8ev5cgdy4m4j20500503yj.jpg</博主头像><博主id>1761731257</博主id><博主>汽车之家</博主><博主主页>http://weibo.com/qichezhijia?refer_flag=1001030103_</博主主页><博文>
		#海外谍照# 【曝雪铁龙C3 AIRCROSS谍照】近日，海外媒体曝光了一组雪铁龙旗下全新小型SUV——C3 AIRCROSS的路试谍照。该车可以看作是雪铁龙C-Aircross概念车的量产版，基于全新C3打造而来。根据东风雪铁龙在2017上海车展期间公布的消息，这款车将于2018年在国内量产上市。|国产指日可... ​
		</博文><博文独立网址>http://weibo.com/1761731257/F5Ozh28b4?refer_flag=1001030103_</博文独立网址><发布时间>2017-06-01 16:03</发布时间><发布终端>微博 weibo.com</发布终端><转发数>4</转发数><评论数>5</评论数><点赞数>12</点赞数><EXPORTFLAG/></item><item><博主头像>http://tvax2.sinaimg.cn/crop.22.3.378.378.50/7cfa3475ly8feqy5xr0sfj20d20amq2v.jpg</博主头像><博主id>2096772213</博主id><博主>找券网quan233</博主><博主主页>http://weibo.com/u/2096772213?refer_flag=1001030103_</博主主页><博文>
		汽车头枕车用护颈枕靠枕记忆棉原88，券后68领券拍 ：网页链接|佛山 ​
		</博文><博文独立网址>http://weibo.com/2096772213/F5OzfzlhQ?refer_flag=1001030103_</博文独立网址><发布时间>2017-06-01 16:03</发布时间><发布终端>微博 weibo.com</发布终端><转发数/><评论数/><点赞数/><EXPORTFLAG/></item><item><博主头像>http://tva4.sinaimg.cn/crop.0.0.180.180.50/c7414c54jw1e8qgp5bmzyj2050050aa8.jpg</博主头像><博主id>3342945364</博主id><博主>德创咨询</博主><博主主页>http://weibo.com/u/3342945364?refer_flag=1001030103_</博主主页><博文>
		发表了博文《汽车行业已面临产能过剩，融资租赁会是解药吗？》汽车行业已面临产能过剩，融资租赁会是解药吗？&amp;#8203;（来源：kk汽车金融行业研究）5月23日下午，由小饭桌、凡卓资本主办的“2017中国|汽车行业已... ​
		</博文><博文独立网址>http://weibo.com/3342945364/F5Oz6nDzj?refer_flag=1001030103_</博文独立网址><发布时间>2017-06-01 16:02</发布时间><发布终端>新浪博客</发布终端><转发数/><评论数/><点赞数/><EXPORTFLAG/></item><item><博主头像>http://tvax2.sinaimg.cn/crop.0.8.495.495.50/ec2fa588ly8fg4i5q0uyej20dr0e8jsa.jpg</博主头像><博主id>3962545544</博主id><博主>关木彤angel</博主><博主主页>http://weibo.com/u/3962545544?refer_flag=1001030103_</博主主页><博文>
		彤宝被蚊子咬了，给她涂风油精时顺便给她普及了一下科学知识：“风油精里含有杀虫剂，蚊子最怕这种气味了，一闻到就远远地躲开了。”“如果它捏着鼻子又飞回来呢？”彤彤追问着。她的童言童语实在太多了，陪伴着她成长是一件最幸福的事！@海马汽车官方微博 @小鱼鱼摇摇 @童颜童语angel @小丸子爱奔跑 网页链接
		</博文><博文独立网址>http://weibo.com/1782430373/F5cTuuYTe?refer_flag=1001030103_</博文独立网址><发布时间>2017-06-01 16:02</发布时间><发布终端>Android客户端</发布终端><转发数/><评论数/><点赞数/><EXPORTFLAG/></item><item><博主头像>http://tva4.sinaimg.cn/crop.158.63.494.494.50/95bd4aa1tw1e7wbgba96yj20lo0fkjvy.jpg</博主头像><博主id>2512210593</博主id><博主>巩义法院</博主><博主主页>http://weibo.com/gongyifayuan?refer_flag=1001030103_</博主主页><博文>
		#微普法#【追尾一定后车全责？】我们开车上路由于一疏忽就经常会出现汽车的追尾事故。那么，当发生汽车追尾交通事故的时候该怎么认定责任呢？怎么赔偿呢？详戳网页链接 ​
		</博文><博文独立网址>http://weibo.com/2512210593/F5Oz2y9XL?refer_flag=1001030103_</博文独立网址><发布时间>2017-06-01 16:02</发布时间><发布终端>360安全浏览器</发布终端><转发数/><评论数/><点赞数/><EXPORTFLAG/></item><item><博主头像>http://tva4.sinaimg.cn/crop.0.0.180.180.50/9d66e5c3jw1e8qgp5bmzyj2050050aa8.jpg</博主头像><博主id>2640766403</博主id><博主>苏州吴中区木渎交巡警中队</博主><博主主页>http://weibo.com/u/2640766403?refer_flag=1001030103_</博主主页><博文>
		请大家告诉大家：【太揪心！将这段视频转给更多人！告诉你为什么汽车后座也要系安全带！能救命！】 央视新闻的... ​​​ |苏州·木渎 ​
		</博文><博文独立网址>http://weibo.com/2640766403/F5Oz16NGs?refer_flag=1001030103_</博文独立网址><发布时间>2017-06-01 16:02</发布时间><发布终端>OPPO R9</发布终端><转发数/><评论数/><点赞数/><EXPORTFLAG/></item><item><博主头像>http://tva4.sinaimg.cn/crop.0.0.1080.1080.50/aa8f1820jw8eswf9irk5wj20u00u0tbp.jpg</博主头像><博主id>2861504544</博主id><博主>深圳龙岗交警</博主><博主主页>http://weibo.com/u/2861504544?refer_flag=1001030103_</博主主页><博文>
		【主人骑车被撞 忠犬护主猛追肇事车】24日，苏州张家港一女子骑电瓶车通过十字路口时被小轿车刮倒，女子倒地后电瓶车上跳下一只小狗，追上肇事汽车，与司机一起回到女主人身边，所幸女子并无大碍。女子说，小狗很忠心，轻易见不得她吃亏。（澎湃新闻）澎湃新闻的... ​​​
		</博文><博文独立网址>http://weibo.com/2861504544/F5OyX1jju?refer_flag=1001030103_</博文独立网址><发布时间>2017-06-01 16:02</发布时间><发布终端>荣耀7 世界有点不同</发布终端><转发数/><评论数/><点赞数>2</点赞数><EXPORTFLAG/></item><item><博主头像>http://tva4.sinaimg.cn/crop.331.244.910.910.50/95f1cf44jw8eyzdvrl77wj20yi0yigo0.jpg</博主头像><博主id>2515652420</博主id><博主>徐州夜新闻微博</博主><博主主页>http://weibo.com/u/2515652420?refer_flag=1001030103_</博主主页><博文>
		#坑人的长途汽车#前几天，网友@高高AG 反映：在乘坐从汽车南站发车到宿州灵璧汽车站的客车时，客车超载二三十人都不止，售票员都站在椅子上收钱，都挤成这样了，客车半途还继续拉客，@高高AG 附了两段小视频，并发出质疑：这还有没有人管啦？！小编放一段，大家感受一下他当时的心情，如果长途车真的超 ​
			...展开全文c
		</博文><博文独立网址>http://weibo.com/2515652420/F5OyVwlmT?refer_flag=1001030103_</博文独立网址><发布时间>2017-06-01 16:02</发布时间><发布终端>秒拍网页版</发布终端><转发数/><评论数>1</评论数><点赞数/><EXPORTFLAG/></item><item><博主头像>http://tvax4.sinaimg.cn/crop.0.0.199.199.50/b2951330gy1fekca1vb74j205k05kdfn.jpg</博主头像><博主id>2996114224</博主id><博主>可爱的恒</博主><博主主页>http://weibo.com/u/2996114224?refer_flag=1001030103_</博主主页><博文>
		#童年的味道#继汽车人后某局的动画产业保护政策的又一大胜利看得出来这是亲妈，哈哈，看着看着好想吃，我肚子里的宝宝也需要体力呢，好想学会自己吃，等他出来了做给她吃 ​
		</博文><博文独立网址>http://weibo.com/2996114224/F5OyUkNJN?refer_flag=1001030103_</博文独立网址><发布时间>2017-06-01 16:02</发布时间><发布终端>小米手机</发布终端><转发数/><评论数/><点赞数/><EXPORTFLAG/></item><item><博主头像>http://tva1.sinaimg.cn/crop.0.0.512.512.50/570a637ejw8exrgec35snj20e80e874u.jpg</博主头像><博主id>1460298622</博主id><博主>小元元seven</博主><博主主页>http://weibo.com/u/1460298622?refer_flag=1001030103_</博主主页><博文>
		汽车空调第二次坏了，只想哭只想哭只想哭。。。。。。 ​
		</博文><博文独立网址>http://weibo.com/1460298622/F5OySviY2?refer_flag=1001030103_</博文独立网址><发布时间>2017-06-01 16:02</发布时间><发布终端>小米手机5</发布终端><转发数/><评论数/><点赞数/><EXPORTFLAG/></item><item><博主头像>http://tva2.sinaimg.cn/crop.143.5.757.757.50/ec74cd87tw1eebmvw7l7rj20sg0n9791.jpg</博主头像><博主id>3967077767</博主id><博主>山西高速交警二支队十三大队</博主><博主主页>http://weibo.com/u/3967077767?refer_flag=1001030103_</博主主页><博文>
		#快乐六一# 严禁将儿童单独留在车内！家长们都要知道一个名词：“热射病”，是指因高温引起的人体体温调节功能失调，体内热量过度积蓄，从而引发神经器官受损。热射病在中暑的分级中属于“重症中暑”，是一种致命性疾病，病死率高。春天20多度的气温，让人觉得舒适，但那是在室外。如果是密闭的汽车内 ​
			...展开全文c
		</博文><博文独立网址>http://weibo.com/3967077767/F5OyPzqVE?refer_flag=1001030103_</博文独立网址><发布时间>2017-06-01 16:01</发布时间><发布终端>vivo X6S Plus</发布终端><转发数/><评论数/><点赞数/><EXPORTFLAG/></item><item><博主头像>http://tva1.sinaimg.cn/crop.0.0.180.180.50/69bc9960jw8epnmimnfunj2050050t8r.jpg</博主头像><博主id>1773967712</博主id><博主>幸福妈妈团购</博主><博主主页>http://weibo.com/wudimami2012?refer_flag=1001030103_</博主主页><博文>
		#幸福妈妈晒单#特别推荐卡通遮阳帘，多款可爱图案可选，抗UV功能，吸盘式设计很方便。还有汽车收纳挂袋、车载baby镜后视镜车内后视镜。参团戳链接 网页链接 前十晒好评找卖家返现
		</博文><博文独立网址>http://weibo.com/5712108061/F5OsODKww?refer_flag=1001030103_</博文独立网址><发布时间>2017-06-01 16:01</发布时间><发布终端>够快才畅快vivo X6S</发布终端><转发数/><评论数/><点赞数>1</点赞数><EXPORTFLAG/></item><item><博主头像>http://tva2.sinaimg.cn/crop.0.0.180.180.50/64a09305jw1ewqmp6z1y6j20500503ym.jpg</博主头像><博主id>1688244997</博主id><博主>乐欢庆S</博主><博主主页>http://weibo.com/xjx9999999?refer_flag=1001030103_</博主主页><博文>
		这个荷兰小镇～700多年不修公路～不买汽车～日子缓慢～享受自然网页链接 ​
		</博文><博文独立网址>http://weibo.com/1688244997/F5OyJlHzL?refer_flag=1001030103_</博文独立网址><发布时间>2017-06-01 16:01</发布时间><发布终端>iPhone 6 Plus</发布终端><转发数/><评论数/><点赞数/><EXPORTFLAG/></item><item><博主头像>http://tva3.sinaimg.cn/crop.0.0.180.180.50/6554e83fjw1e8qgp5bmzyj2050050aa8.jpg</博主头像><博主id>1700063295</博主id><博主>IQ2008</博主><博主主页>http://weibo.com/u/1700063295?refer_flag=1001030103_</博主主页><博文>
		控制不住工地、控制不住那些“泥头车”， 一天扫8回也没用！ 不信就去看看露天存放的汽车， 一晚上下来， 个个都是“灰头土脸”！
		</博文><博文独立网址>http://weibo.com/2489610225/F5OlSqeK9?refer_flag=1001030103_</博文独立网址><发布时间>2017-06-01 16:01</发布时间><发布终端>微博 weibo.com</发布终端><转发数/><评论数/><点赞数/><EXPORTFLAG/></item><item><博主头像>http://tva3.sinaimg.cn/crop.0.0.100.100.50/006iBqDEjw8eye6lebyecj302s02s3y9.jpg</博主头像><博主id>5771691578</博主id><博主>仪商宝</博主><博主主页>http://weibo.com/u/5771691578?refer_flag=1001030103_</博主主页><博文>
		多孔石墨烯电极研发成功有望增加仪器待机时间:从手机、电脑到电动汽车，日常生活中的许多产品都离不开电池..网页链接 ​
		</博文><博文独立网址>http://weibo.com/5771691578/F5OyAglKS?refer_flag=1001030103_</博文独立网址><发布时间>2017-06-01 16:01</发布时间><发布终端>微博 weibo.com</发布终端><转发数/><评论数/><点赞数/><EXPORTFLAG/></item><item><博主头像>http://tva3.sinaimg.cn/crop.0.0.636.636.50/8bc18dc5jw8f2f4kxp1v0j20ho0homxq.jpg</博主头像><博主id>2344717765</博主id><博主>主演是不能死的</博主><博主主页>http://weibo.com/u/2344717765?refer_flag=1001030103_</博主主页><博文>
		每晚都在汽车评测。啊啊啊 这个念头压不下来啊
		</博文><博文独立网址>http://weibo.com/5126427168/F5Oy5aisE?refer_flag=1001030103_</博文独立网址><发布时间>2017-06-01 16:01</发布时间><发布终端>微博weibo.com</发布终端><转发数/><评论数>1</评论数><点赞数/><EXPORTFLAG/></item><item><博主头像>http://tva1.sinaimg.cn/crop.0.0.180.180.50/9c778e6djw1e8qgp5bmzyj2050050aa8.jpg</博主头像><博主id>2625080941</博主id><博主>苏州工业园区人力资源管理中心</博主><博主主页>http://weibo.com/siphrd?refer_flag=1001030103_</博主主页><博文>
		【圆才现场招聘】2017年06月02日 (周五)上午，园区人力资源市场将举办“ 综合类人才市场”，汉跋技纺、旭硝子汽车玻璃、苏州木伴书香家居等企业设摊招聘，欢迎广大求职者参加！招聘信息详见:网页链接 ​
		</博文><博文独立网址>http://weibo.com/2625080941/F5OyuBWvp?refer_flag=1001030103_</博文独立网址><发布时间>2017-06-01 16:01</发布时间><发布终端>皮皮时光机企业版</发布终端><转发数/><评论数/><点赞数>1</点赞数><EXPORTFLAG/></item><item><博主头像>http://tva4.sinaimg.cn/crop.0.0.290.290.50/bd1e60a2jw8eclcn2n4mvj2082082a9z.jpg</博主头像><博主id>3172884642</博主id><博主>香胡湾</博主><博主主页>http://weibo.com/u/3172884642?refer_flag=1001030103_</博主主页><博文>
		但这同样非常危险：而是梦想，每天叫醒我的不是闹钟、增加汽车的温馨感…… ​
		</博文><博文独立网址>http://weibo.com/3172884642/F5Oytobjx?refer_flag=1001030103_</博文独立网址><发布时间>2017-06-01 16:01</发布时间><发布终端>iPhone 5s</发布终端><转发数/><评论数/><点赞数/><EXPORTFLAG/></item></列></item></列表></extraction>