<?xml version="1.0" encoding="UTF-8"?><extraction><clueid>373892854</clueid><fullpath><![CDATA[http://s.weibo.com/weibo/%25E6%25B1%25BD%25E8%25BD%25A6&typeall=1&suball=1&timescope=custom:2016-06-01:2017-06-01-23&page=11]]></fullpath><realpath><![CDATA[http://s.weibo.com/weibo/%25E6%25B1%25BD%25E8%25BD%25A6&typeall=1&suball=1&timescope=custom:2016-06-01:2017-06-01-23&page=11]]></realpath><theme>微博关键词搜索采集</theme><middle>default</middle><createdate>2017-6-1 17:33:1</createdate><pageno>11</pageno><actionno></actionno><actionvalue></actionvalue><prestamp>DSEngine-+-ds_browser_ds_task_xp1-+-1660941574</prestamp><currentstamp>DSEngine-+-ds_browser_ds_task_xp1-+-1660962125</currentstamp><baseURI><bucketBaseURI><bucketName>list</bucketName><uri><![CDATA[http://s.weibo.com/weibo/%25E6%25B1%25BD%25E8%25BD%25A6&typeall=1&suball=1&timescope=custom:2016-06-01:2017-06-01-23&page=11]]></uri></bucketBaseURI></baseURI>
<列表><item><关键字>汽车</关键字><列><item><博主头像>http://tva1.sinaimg.cn/crop.0.0.594.594.50/77e0656ejw8fd6rmhuyetj20gi0giq4c.jpg</博主头像><博主id>2011194734</博主id><博主>车神笔记</博主><博主主页>http://weibo.com/u/2011194734?refer_flag=1001030103_</博主主页><博文>
		【宝马授权新晨动力N20发动机正式装配投产】2014年6月26日，德国宝马集团授权绵阳新晨动力机械有限公司生产N20发动机投产仪式在绵阳隆重举行。华晨集团祁玉民董事长表示：获得了宝马授权的2.0T发动机生产技术，实现了30年来中国汽车产业“市场换技术”的夙愿。 ​
		</博文><博文独立网址>http://weibo.com/2011194734/F5OWS3vXw?refer_flag=1001030103_</博文独立网址><发布时间>2017-06-01 17:01</发布时间><发布终端>皮皮时光机</发布终端><转发数/><评论数/><点赞数/><EXPORTFLAG/></item><item><博主头像>http://tva1.sinaimg.cn/crop.0.0.768.768.50/77811cb2jw8f5mzh1voo6j20lc0lc0w6.jpg</博主头像><博主id>2004950194</博主id><博主>车聚焦</博主><博主主页>http://weibo.com/u/2004950194?refer_flag=1001030103_</博主主页><博文>
		【宝马授权新晨动力N20发动机正式装配投产】2014年6月26日，德国宝马集团授权绵阳新晨动力机械有限公司生产N20发动机投产仪式在绵阳隆重举行。华晨集团祁玉民董事长表示：获得了宝马授权的2.0T发动机生产技术，实现了30年来中国汽车产业“市场换技术”的夙愿。 ​
		</博文><博文独立网址>http://weibo.com/2004950194/F5OWS3w9J?refer_flag=1001030103_</博文独立网址><发布时间>2017-06-01 17:01</发布时间><发布终端>皮皮时光机</发布终端><转发数/><评论数/><点赞数/><EXPORTFLAG/></item><item><博主头像>http://tvax4.sinaimg.cn/crop.0.0.1497.1497.50/006HctUGgy1ffvcn7g6v8j315o15ogsa.jpg</博主头像><博主id>6135154366</博主id><博主>京讯财经</博主><博主主页>http://weibo.com/u/6135154366?refer_flag=1001030103_</博主主页><博文>
		【共享经济，真的什么都能共享吗？？ 】在中国，共享经济已经不是一个新鲜的名词，恰恰相反，这种蔚然成风的行业模式已经渗入到了我们的现实生活中。你可以随意租借任何东西，小到篮球自相车，大到汽车公寓。除此之外你还可以租借雨伞充电宝歌曲等等。有人说，好像在共享时代，除了女朋友不能共享， ​
			...展开全文c
		</博文><博文独立网址>http://weibo.com/6135154366/F5OWHpQTY?refer_flag=1001030103_</博文独立网址><发布时间>2017-06-01 17:00</发布时间><发布终端>360安全浏览器</发布终端><转发数/><评论数/><点赞数/><EXPORTFLAG/></item><item><博主头像>http://tvax2.sinaimg.cn/crop.163.0.465.465.50/006CCa8Bly8fduu1ggptqj30li0cxa9u.jpg</博主头像><博主id>6067393197</博主id><博主>情感博主微博</博主><博主主页>http://weibo.com/530053005?refer_flag=1001030103_</博主主页><博文>
		情感博主微博 发布【情感语录&amp;心灵鸡汤】 ：爱其实就像打计程车，不像公共汽车，只需等待就会自动来到你的面前，而需要你先向它招手才停；如果你碰到的是空车，那就是你的幸运，但往往车上已经有人了；走了多少距离就要付出多少代价。 ​
		</博文><博文独立网址>http://weibo.com/6067393197/F5OWFEkez?refer_flag=1001030103_</博文独立网址><发布时间>2017-06-01 17:00</发布时间><发布终端>微博 weibo.com</发布终端><转发数>3</转发数><评论数>3</评论数><点赞数>4</点赞数><EXPORTFLAG/></item><item><博主头像>http://tva3.sinaimg.cn/crop.0.0.180.180.50/a2980422jw1e8qgp5bmzyj2050050aa8.jpg</博主头像><博主id>2727871522</博主id><博主>红河车管</博主><博主主页>http://weibo.com/u/2727871522?refer_flag=1001030103_</博主主页><博文>
		【怎样开车最省油】1、按照汽车保养和维修手册上推荐的方法做;2、让胎压保持适当的水平;3、给你的车辆减负;4、不要开车太猛;5、尽量挂高挡;6、高速使用定速巡航;7、让你的车辆保持清洁;8、避免让车长时间怠速;9、加油不要加太满;10、水温上来后再加速。 ​​​​
		</博文><博文独立网址>http://weibo.com/2727871522/F5OWFjSl3?refer_flag=1001030103_</博文独立网址><发布时间>2017-06-01 17:00</发布时间><发布终端>微博 weibo.com</发布终端><转发数/><评论数/><点赞数/><EXPORTFLAG/></item><item><博主头像>http://tva3.sinaimg.cn/crop.177.0.378.378.50/006AU3AUjw8f8o9d25uzjj30h80aiq3m.jpg</博主头像><博主id>6042105276</博主id><博主>首席改装狂人</博主><博主主页>http://weibo.com/u/6042105276?refer_flag=1001030103_</博主主页><博文>
		试驾一辆改装汽车，四轮驱动全景天窗无死角！！ 微博视频 ​
		</博文><博文独立网址>http://weibo.com/6042105276/F5OWEtBZP?refer_flag=1001030103_</博文独立网址><发布时间>2017-06-01 17:00</发布时间><发布终端>微博网页</发布终端><转发数/><评论数>2</评论数><点赞数>1</点赞数><EXPORTFLAG/></item><item><博主头像>http://tva2.sinaimg.cn/crop.0.0.1242.1242.50/55722e2cjw8fc3qn4yi45j20yi0yimyo.jpg</博主头像><博主id>1433546284</博主id><博主>魔漾魔姿</博主><博主主页>http://weibo.com/u/1433546284?refer_flag=1001030103_</博主主页><博文>
		除了卡脚后跟，都经历过了。还有在后座上转来转去，猜后面来的汽车是单数双数，装睡被爸爸一手扶着骑回家……各种各种，好多回忆都和自行车有关
		</博文><博文独立网址>http://weibo.com/2858282205/F5MZ7Fe45?refer_flag=1001030103_</博文独立网址><发布时间>2017-06-01 17:00</发布时间><发布终端>iPhone 7 Plus</发布终端><转发数/><评论数/><点赞数/><EXPORTFLAG/></item><item><博主头像>http://tva1.sinaimg.cn/crop.0.0.280.280.50/e1b94f62jw8ev9xp26rofj207s07smy3.jpg</博主头像><博主id>3787018082</博主id><博主>济南市导游协会</博主><博主主页>http://weibo.com/87930861?refer_flag=1001030103_</博主主页><博文>
		#导游正能量#【老人摔倒路中央 公交司机立马停车扶人】5月7日上午，重庆，一位老人摔倒在马路上，旁边是呼啸而过的汽车……看到这一幕，扶还是不扶？重庆的公交驾驶员张雁黎给出了肯定的答案：果断停车，将老人扶起来！公交车上的车载监控恰好记录下这温暖的一幕！为好司机点赞！央视新闻的... ​
		</博文><博文独立网址>http://weibo.com/3787018082/F5OWpmgMs?refer_flag=1001030103_</博文独立网址><发布时间>2017-06-01 17:00</发布时间><发布终端>微博 weibo.com</发布终端><转发数/><评论数/><点赞数/><EXPORTFLAG/></item><item><博主头像>http://tva1.sinaimg.cn/crop.0.0.200.200.50/673b2b23jw8ev7m4phml4j205k05kjrg.jpg</博主头像><博主id>1731930915</博主id><博主>爱卡汽车</博主><博主主页>http://weibo.com/xcar?refer_flag=1001030103_</博主主页><博文>
		#每日车事# 【车界观察 除了BBA这些豪华品牌好卖吗？】2016年，中国汽车市场产销分别完成2811.9万辆和2802.8万辆，同比分别增长14.5%和13.7%，连续8年稳居全球第一大汽车市场位置。各品牌、各级别车型在中国市场相互厮杀，竞争异常激烈。而一向“高冷”的豪华车领域也从BBA三国时代变成如今的群雄争霸 ​
			...展开全文c
		</博文><博文独立网址>http://weibo.com/1731930915/F5OWpmgP5?refer_flag=1001030103_</博文独立网址><发布时间>2017-06-01 17:00</发布时间><发布终端>微博 weibo.com</发布终端><转发数>6</转发数><评论数>5</评论数><点赞数>4</点赞数><EXPORTFLAG/></item><item><博主头像>http://tva3.sinaimg.cn/crop.0.0.640.640.50/7e795cbejw8ev8w0u03w2j20hs0hs3zm.jpg</博主头像><博主id>2121882814</博主id><博主>帮女郎</博主><博主主页>http://weibo.com/hbtvbnl?refer_flag=1001030103_</博主主页><博文>
		【主人骑车被撞 忠犬护主猛追肇事车】5月24日江苏张家港市，一女子骑电瓶车通过十字路口时被小轿车刮倒。女子倒地后电瓶车上跳下一只小狗，追上肇事汽车，与司机一起回到女主人身边，所幸女子并无大碍。女子说，小狗很忠心，轻易见不得她吃亏。澎湃新闻的... ​
		</博文><博文独立网址>http://weibo.com/2121882814/F5OWpniAg?refer_flag=1001030103_</博文独立网址><发布时间>2017-06-01 17:00</发布时间><发布终端>微博 weibo.com</发布终端><转发数/><评论数/><点赞数/><EXPORTFLAG/></item><item><博主头像>http://tva1.sinaimg.cn/crop.0.0.179.179.50/94646ff1jw1evdv09zj4kj2050050t92.jpg</博主头像><博主id>2489610225</博主id><博主>天津发布</博主><博主主页>http://weibo.com/tjszfxwbfb?refer_flag=1001030103_</博主主页><博文>
		【明天团泊湖体育场举办中超联赛 设3000余车位】#便民提示#6月2日，中超联赛在天津静海区团泊湖体育场举行。公众公司将在团泊湖体育场周边道路增设临时大型活动停车场，可容纳小型汽车3000余辆。按大型活动临时停车，小型车10元/次，大型车20元/次的收费标准收取停车费用。|6月2日团泊... ​
		</博文><博文独立网址>http://weibo.com/2489610225/F5OWpoMLc?refer_flag=1001030103_</博文独立网址><发布时间>2017-06-01 17:00</发布时间><发布终端>微博 weibo.com</发布终端><转发数>5</转发数><评论数>4</评论数><点赞数>3</点赞数><EXPORTFLAG/></item><item><博主头像>http://tva1.sinaimg.cn/crop.0.0.180.180.50/9a99f3c8jw1e8qgp5bmzyj2050050aa8.jpg</博主头像><博主id>2593780680</博主id><博主>广州质监</博主><博主主页>http://weibo.com/guangzhouzhijian?refer_flag=1001030103_</博主主页><博文>
		#质量微言#【翘首期待无人车】科学家乐观地说，5年内无人驾驶汽车将进入我们的生活。那么，最期待无人驾驶车的是哪部分人群呢？是她们！一份针对女性驾驶行为的调查显示，超过半数的女司机认为，无人驾驶是未来发展趋势，它能够提升驾驶安全性，改善驾驶体验，并能解决自己驾驶中遇到的麻烦。相比之下 ​
			...展开全文c
		</博文><博文独立网址>http://weibo.com/2593780680/F5OWpqgcf?refer_flag=1001030103_</博文独立网址><发布时间>2017-06-01 17:00</发布时间><发布终端>微博 weibo.com</发布终端><转发数/><评论数/><点赞数/><EXPORTFLAG/></item><item><博主头像>http://tva1.sinaimg.cn/crop.0.0.180.180.50/aad3360cjw1e8qgp5bmzyj2050050aa8.jpg</博主头像><博主id>2865968652</博主id><博主>新浪贵阳汽车</博主><博主主页>http://weibo.com/autoguizhou?refer_flag=1001030103_</博主主页><博文>
		这车是我见过最炫酷的改装，车钥匙是绝对的亮点！#汽车侃侃谈# 百家车坛的... ​
		</博文><博文独立网址>http://weibo.com/2865968652/F5OWpqgn5?refer_flag=1001030103_</博文独立网址><发布时间>2017-06-01 17:00</发布时间><发布终端>微博 weibo.com</发布终端><转发数>1</转发数><评论数/><点赞数/><EXPORTFLAG/></item><item><博主头像>http://tva3.sinaimg.cn/crop.0.0.179.179.50/af739210gw1ehj9qrej9ij2050050weg.jpg</博主头像><博主id>2943586832</博主id><博主>野马汽车官方微博</博主><博主主页>http://weibo.com/yemaqiche?refer_flag=1001030103_</博主主页><博文>
		野马汽车，不怕刮花。
		</博文><博文独立网址>http://weibo.com/1664798221/F5ONryriE?refer_flag=1001030103_</博文独立网址><发布时间>2017-06-01 16:59</发布时间><发布终端>秒拍网页版</发布终端><转发数/><评论数/><点赞数>1</点赞数><EXPORTFLAG/></item><item><博主头像>http://tvax2.sinaimg.cn/crop.0.0.300.300.50/006NOLRWly8ffa9kym1swj308c08cmxj.jpg</博主头像><博主id>6232937868</博主id><博主>kidneyzozo</博主><博主主页>http://weibo.com/u/6232937868?refer_flag=1001030103_</博主主页><博文>
		怎么这么安静？和电动汽车有的一比
		</博文><博文独立网址>http://weibo.com/3180651887/F5NZLB6G3?refer_flag=1001030103_</博文独立网址><发布时间>2017-06-01 16:59</发布时间><发布终端>秒拍网页版</发布终端><转发数/><评论数/><点赞数/><EXPORTFLAG/></item><item><博主头像>http://tva2.sinaimg.cn/crop.0.0.180.180.50/7cd05aa5jw1e8qgp5bmzyj2050050aa8.jpg</博主头像><博主id>2094029477</博主id><博主>中国新能源网官方</博主><博主主页>http://weibo.com/339571889?refer_flag=1001030103_</博主主页><博文>
		【交通运输部就《关于促进汽车租赁业健康发展的指导意见（征求意见稿）》答记者问】6月1日，《关于促进汽车租赁业健康发展的指导意见（征求意见稿）》（简称《征求意见稿》）对外公布，向社会进行为期两周的公开征求意见。交通运输部运输服务司有关负责人就相关内容接受中国交通 网页链接 ​
		</博文><博文独立网址>http://weibo.com/2094029477/F5OW6tsIe?refer_flag=1001030103_</博文独立网址><发布时间>2017-06-01 16:59</发布时间><发布终端>中国新能源</发布终端><转发数/><评论数/><点赞数/><EXPORTFLAG/></item><item><博主头像>http://tva2.sinaimg.cn/crop.0.0.180.180.50/7cd05aa5jw1e8qgp5bmzyj2050050aa8.jpg</博主头像><博主id>2094029477</博主id><博主>中国新能源网官方</博主><博主主页>http://weibo.com/339571889?refer_flag=1001030103_</博主主页><博文>
		【促进汽车租赁业健康发展政策今起公开征求意见】6月1日，由交通运输部会同住房和城乡建设部制定的《关于促进汽车租赁业健康发展的指导意见(征求意见稿)》(以下简称《征求意见稿》)向社会公开征求意见，为期两周。汽车租赁是满足社会公众个性化出行、商务活动、公务活动和旅.. 网页链接 ​
		</博文><博文独立网址>http://weibo.com/2094029477/F5OW1rJc2?refer_flag=1001030103_</博文独立网址><发布时间>2017-06-01 16:59</发布时间><发布终端>中国新能源</发布终端><转发数>1</转发数><评论数/><点赞数/><EXPORTFLAG/></item><item><博主头像>http://tva3.sinaimg.cn/crop.0.0.500.500.50/75b0de83jw8f079mr3n9sj20dw0dwt9s.jpg</博主头像><博主id>1974525571</博主id><博主>黔南热线</博主><博主主页>http://weibo.com/qnrx?refer_flag=1001030103_</博主主页><博文>
		【荔波县启用出租车车载智能评价系统】近日，记者从荔波县道路运输管理部门获悉，荔波县出租汽车行业智能评价系统正式上线运营。该系统以现代信息技术、通讯技术为手段，改变出租汽车现有运营方式与监管模式。网页链接 ​
		</博文><博文独立网址>http://weibo.com/1974525571/F5OW0yqve?refer_flag=1001030103_</博文独立网址><发布时间>2017-06-01 16:59</发布时间><发布终端>360安全浏览器</发布终端><转发数/><评论数/><点赞数/><EXPORTFLAG/></item><item><博主头像>http://tvax3.sinaimg.cn/crop.215.7.566.566.50/006q5t7Lly8fexxfp4jkcj30sb0gg7rd.jpg</博主头像><博主id>5882285325</博主id><博主>股市直播-王海军</博主><博主主页>http://weibo.com/u/5882285325?refer_flag=1001030103_</博主主页><博文>
		德汽配巨头携手百度 自动驾驶产业加速前行  欧洲最大的汽车配件供应商——德国大陆集团31日与百度签署战略合作协议，将利用彼此在汽车零部件和互联网技术上的优势，在自动化驾驶、连接车辆和智能移动服务等领域建立全面战略合作 …… ​
		</博文><博文独立网址>http://weibo.com/5882285325/F5OVSzc8j?refer_flag=1001030103_</博文独立网址><发布时间>2017-06-01 16:58</发布时间><发布终端>360安全平台</发布终端><转发数/><评论数/><点赞数/><EXPORTFLAG/></item><item><博主头像>http://tva4.sinaimg.cn/crop.0.0.200.200.50/006qgL1cjw1f25qb3evkij305k05kaab.jpg</博主头像><博主id>5884975718</博主id><博主>投资经理-王老师</博主><博主主页>http://weibo.com/u/5884975718?refer_flag=1001030103_</博主主页><博文>
		德汽配巨头携手百度 自动驾驶产业加速前行  欧洲最大的汽车配件供应商——德国大陆集团31日与百度签署战略合作协议，将利用彼此在汽车零部件和互联网技术上的优势，在自动化驾驶、连接车辆和智能移动服务等领域建立全面战略合作 …… ​
		</博文><博文独立网址>http://weibo.com/5884975718/F5OVQgkBl?refer_flag=1001030103_</博文独立网址><发布时间>2017-06-01 16:58</发布时间><发布终端>360安全平台</发布终端><转发数/><评论数/><点赞数/><EXPORTFLAG/></item></列></item></列表></extraction>