<?xml version="1.0" encoding="UTF-8"?><extraction><clueid>373892854</clueid><fullpath><![CDATA[http://s.weibo.com/weibo/%25E6%25B1%25BD%25E8%25BD%25A6&typeall=1&suball=1&timescope=custom:2016-06-01:2017-06-01-23&page=9]]></fullpath><realpath><![CDATA[http://s.weibo.com/weibo/%25E6%25B1%25BD%25E8%25BD%25A6&typeall=1&suball=1&timescope=custom:2016-06-01:2017-06-01-23&page=9]]></realpath><theme>微博关键词搜索采集</theme><middle>default</middle><createdate>2017-6-1 17:32:17</createdate><pageno>9</pageno><actionno></actionno><actionvalue></actionvalue><prestamp>DSEngine-+-ds_browser_ds_task_xp1-+-1660899116</prestamp><currentstamp>DSEngine-+-ds_browser_ds_task_xp1-+-1660918449</currentstamp><baseURI><bucketBaseURI><bucketName>list</bucketName><uri><![CDATA[http://s.weibo.com/weibo/%25E6%25B1%25BD%25E8%25BD%25A6&typeall=1&suball=1&timescope=custom:2016-06-01:2017-06-01-23&page=9]]></uri></bucketBaseURI></baseURI>
<列表><item><关键字>汽车</关键字><列><item><博主头像>http://tva1.sinaimg.cn/crop.88.66.264.264.50/beebff5fgw1fa8tlsgj7wj20c80b1mxv.jpg</博主头像><博主id>3203137375</博主id><博主>四川观察</博主><博主主页>http://weibo.com/u/3203137375?refer_flag=1001030103_</博主主页><博文>
		【航拍：世界上最大飞机下线 采用双机身设计】世界上最大的双机身飞机“同温层发射”（Stratolaunch）于当地时间5月31日在美国加利福尼亚的莫哈韦航空基地下线。“同温层发射”是微软联合创始人保罗·艾伦与美国电动汽车制造商特斯拉创始人伊隆·马斯克共同建造的一架全球最大飞机，计划用于在空中发射火 ​
			...展开全文c
		</博文><博文独立网址>http://weibo.com/3203137375/F5OYRhc6S?refer_flag=1001030103_</博文独立网址><发布时间>2017-06-01 17:06</发布时间><发布终端>秒拍网页版</发布终端><转发数/><评论数/><点赞数/><EXPORTFLAG/></item><item><博主头像>http://tvax4.sinaimg.cn/crop.80.96.589.589.50/006qTeWRly1fckbddcb6cj30m80m8tap.jpg</博主头像><博主id>5894147233</博主id><博主>十五道米酒_官微</博主><博主主页>http://weibo.com/u/5894147233?refer_flag=1001030103_</博主主页><博文>
		#十五道课堂# #朗姆酒# 从1970年起，英国海军不再供应朗姆酒。水兵们对此表示抗议，佩戴起黑色的臂章，并向菲利普亲王——他本人就是一位退役海军军人——请愿，要求“拯救我们这一小口酒”。但这些抗议丝毫不起作用。取消朗姆酒的给养不仅可以节约开销，而且能够确保驾驶潜艇的水兵至少能像驾驶汽车的 ​
			...展开全文c
		</博文><博文独立网址>http://weibo.com/5894147233/F5OYPstkP?refer_flag=1001030103_</博文独立网址><发布时间>2017-06-01 17:06</发布时间><发布终端>微博 weibo.com</发布终端><转发数>1</转发数><评论数/><点赞数/><EXPORTFLAG/></item><item><博主头像>http://tva2.sinaimg.cn/crop.0.0.638.638.50/7944b033jw8el032jluznj20hq0hqjtk.jpg</博主头像><博主id>2034544691</博主id><博主>余杭交警</博主><博主主页>http://weibo.com/laytree?refer_flag=1001030103_</博主主页><博文>
		为进一步加强道路交通事故预防，保障人民群众生命财产安全，促进辖区交通安全形势持续平稳，切实提高辖区道路沿线运输企业驾驶人的交通法制意识。2017年5月31日晚上，余杭公安交警塘栖中队组织余杭塘栖汽车运输有限公司全体驾驶员开展交通安全宣传教育，严格要求全体驾驶员在运输过程中不得麻痹大意， ​
			...展开全文c
		</博文><博文独立网址>http://weibo.com/2034544691/F5OYO0FG7?refer_flag=1001030103_</博文独立网址><发布时间>2017-06-01 17:05</发布时间><发布终端>搜狗高速浏览器</发布终端><转发数/><评论数/><点赞数/><EXPORTFLAG/></item><item><博主头像>http://tvax4.sinaimg.cn/crop.0.11.1242.1242.50/75c9eb8bly8felj7x0gpzj20yi0z5n26.jpg</博主头像><博主id>1976167307</博主id><博主>贰哥忒贰</博主><博主主页>http://weibo.com/linxisweibo?refer_flag=1001030103_</博主主页><博文>
		提高汽车使用成本，鼓励公交优先是王道。//@生个儿子玩:回覆@末末宝贝2000: 八号线直通大梅沙和限行，都是当务之急//@末末宝贝2000:这个要是能实行就太棒了。
		</博文><博文独立网址>http://weibo.com/1747779522/F5NtYa4iF?refer_flag=1001030103_</博文独立网址><发布时间>2017-06-01 17:05</发布时间><发布终端>iOS</发布终端><转发数/><评论数/><点赞数/><EXPORTFLAG/></item><item><博主头像>http://tva4.sinaimg.cn/crop.0.0.1328.1328.50/d598d3a9jw8f6x2c490z0j210w10w418.jpg</博主头像><博主id>3583562665</博主id><博主>起航的庄主008</博主><博主主页>http://weibo.com/u/3583562665?refer_flag=1001030103_</博主主页><博文>
		死都不要脸的山西太原长途客运西站，居然“偷偷摸摸”的给买汽车票的乘客1元/人/次的保险就直接扣除了，而知情的乘客提出来不购买这样“额外增加”的保险，售票的就会退给乘客，不问的乘客就这样被“白白的宰了细水长流的一刀”了，365天，天天如此，太原长途客运西站，你有节操吗？询问售票员，为什 ​
			...展开全文c
		</博文><博文独立网址>http://weibo.com/3583562665/F5OYKuz2M?refer_flag=1001030103_</博文独立网址><发布时间>2017-06-01 17:05</发布时间><发布终端>小米MIX概念手机</发布终端><转发数/><评论数/><点赞数/><EXPORTFLAG/></item><item><博主头像>http://tvax3.sinaimg.cn/crop.0.3.506.506.50/8d08fa50ly8ffizeek0fzj20e20e8dh3.jpg</博主头像><博主id>2366175824</博主id><博主>爱哭的感性人</博主><博主主页>http://weibo.com/u/2366175824?refer_flag=1001030103_</博主主页><博文>
		云南十八怪，汽车没有火车快，是见识了，累死了 |昆明·棕树... ​
		</博文><博文独立网址>http://weibo.com/2366175824/F5OYB3W6f?refer_flag=1001030103_</博文独立网址><发布时间>2017-06-01 17:05</发布时间><发布终端>iPhone 6s</发布终端><转发数/><评论数/><点赞数/><EXPORTFLAG/></item><item><博主头像>http://tvax1.sinaimg.cn/crop.36.0.399.399.50/005PaKYqly8fd72wiethaj30dn0b3dgr.jpg</博主头像><博主id>5336821146</博主id><博主>甘肃新闻综合广播</博主><博主主页>http://weibo.com/gansufm960?refer_flag=1001030103_</博主主页><博文>
		#960微新闻#太揪心！将这段视频转给更多人！告诉你为什么汽车后座也要系安全带！能救命！ 央视新闻的... ​
		</博文><博文独立网址>http://weibo.com/5336821146/F5OYB2A6U?refer_flag=1001030103_</博文独立网址><发布时间>2017-06-01 17:05</发布时间><发布终端>iPhone 7 Plus</发布终端><转发数>1</转发数><评论数/><点赞数/><EXPORTFLAG/></item><item><博主头像>http://tva3.sinaimg.cn/crop.0.0.180.180.50/69624cbdjw1e8qgp5bmzyj2050050aa8.jpg</博主头像><博主id>1768049853</博主id><博主>佛山电台顺德广播</博主><博主主页>http://weibo.com/u/1768049853?refer_flag=1001030103_</博主主页><博文>
		如约公交和50辆共享汽车登陆顺德。
		</博文><博文独立网址>http://weibo.com/3089697494/F5Okge7OQ?refer_flag=1001030103_</博文独立网址><发布时间>2017-06-01 17:05</发布时间><发布终端>微博 weibo.com</发布终端><转发数/><评论数/><点赞数/><EXPORTFLAG/></item><item><博主头像>http://tva1.sinaimg.cn/crop.0.36.210.210.50/ce78bf7ajw1ecs8q9kvccj205w07cmxg.jpg</博主头像><博主id>3464019834</博主id><博主>深圳东风南方华盛专营店</博主><博主主页>http://weibo.com/szhuas?refer_flag=1001030103_</博主主页><博文>
		#NISSAN大家族#日产楼兰直通欧冠#  繁忙的都市生活让你应接不暇，周末的大采购更是免不了“左拥右抱”，这时楼兰电动尾门的技能就很出彩了，驾驶者仅需在尾门感应区域一抬腿，即可自动开启，真真是解放双手的利器。@深圳生活圈 @深圳吃喝玩乐生活 @微博汽车 @粉丝头条官方微博 ​
		</博文><博文独立网址>http://weibo.com/3464019834/F5OYyCnEe?refer_flag=1001030103_</博文独立网址><发布时间>2017-06-01 17:05</发布时间><发布终端>专业版微博</发布终端><转发数/><评论数/><点赞数/><EXPORTFLAG/></item><item><博主头像>http://tvax4.sinaimg.cn/crop.0.0.512.512.50/006sPgYRly8ffiynaxvx2j30e80e8q3e.jpg</博主头像><博主id>5922754405</博主id><博主>省钱大叔</博主><博主主页>http://weibo.com/u/5922754405?refer_flag=1001030103_</博主主页><博文>
		大号变形金刚一键#变形遥控汽车#  券后59入 一键遥控变形，电影原声音效，仿真跑车引擎声，超级好玩，孩子一定喜欢的不得了～领券&amp;下单：网页链接 |杭州 |反馈 有奖 ​
		</博文><博文独立网址>http://weibo.com/5922754405/F5OYv6Zca?refer_flag=1001030103_</博文独立网址><发布时间>2017-06-01 17:05</发布时间><发布终端>微博 weibo.com</发布终端><转发数/><评论数>3</评论数><点赞数>5</点赞数><EXPORTFLAG/></item><item><博主头像>http://tva2.sinaimg.cn/crop.0.0.180.180.50/90a836bfjw1e8qgp5bmzyj2050050aa8.jpg</博主头像><博主id>2426943167</博主id><博主>栾城区消防大队</博主><博主主页>http://weibo.com/u/2426943167?refer_flag=1001030103_</博主主页><博文>
		【夏季如何预防汽车自燃】夏天妥妥地到了，气温蹭蹭地升高，汽车自燃频发，如何预防和处理汽车自燃呢?快来看看吧～ ​​​​
		</博文><博文独立网址>http://weibo.com/2426943167/F5OYv5a7w?refer_flag=1001030103_</博文独立网址><发布时间>2017-06-01 17:05</发布时间><发布终端>360安全浏览器</发布终端><转发数/><评论数/><点赞数/><EXPORTFLAG/></item><item><博主头像>http://tva1.sinaimg.cn/crop.2.0.2033.2033.50/876f85abtw1eg9783xq1mj21kw1kwn5p.jpg</博主头像><博主id>2272232875</博主id><博主>济南大友宝马</博主><博主主页>http://weibo.com/jndayoubao?refer_flag=1001030103_</博主主页><博文>
		粽情端“5”，震撼始发 济南大友宝 全新BMW 5系Li预赏会完美收官！#济南大友宝##全新BMW 5系Li##宝马汽车 # |济南大友宝... ​
		</博文><博文独立网址>http://weibo.com/2272232875/F5OYiqy0a?refer_flag=1001030103_</博文独立网址><发布时间>2017-06-01 17:04</发布时间><发布终端>红米4X超长续航</发布终端><转发数/><评论数/><点赞数/><EXPORTFLAG/></item><item><博主头像>http://tva1.sinaimg.cn/crop.0.0.180.180.50/8807b024jw1e8qgp5bmzyj2050050aa8.jpg</博主头像><博主id>2282205220</博主id><博主>广汽丰田迅利江南店</博主><博主主页>http://weibo.com/u/2282205220?refer_flag=1001030103_</博主主页><博文>
		购雷凌享1.2万优惠 欢迎试乘试驾（分享自 @汽车之家）网页链接 ​
		</博文><博文独立网址>http://weibo.com/2282205220/F5OYinivZ?refer_flag=1001030103_</博文独立网址><发布时间>2017-06-01 17:04</发布时间><发布终端>搜狗高速浏览器</发布终端><转发数/><评论数/><点赞数/><EXPORTFLAG/></item><item><博主头像>http://tva4.sinaimg.cn/crop.0.0.499.499.50/a3fddfcbtw1etks9i3qf3j20dw0dwjsj.jpg</博主头像><博主id>2751324107</博主id><博主>365淘房沈阳</博主><博主主页>http://weibo.com/house365sy?refer_flag=1001030103_</博主主页><博文>
		【北行有个八层楼高的立体停车场】5月31日，记者在沈阳市皇姑区北行附近看到，一座有八层楼高，可同时停放312辆汽车的大型智能立体停车场投入试运营。网页链接 ​
		</博文><博文独立网址>http://weibo.com/2751324107/F5OYdCKOB?refer_flag=1001030103_</博文独立网址><发布时间>2017-06-01 17:04</发布时间><发布终端>微博 weibo.com</发布终端><转发数/><评论数/><点赞数/><EXPORTFLAG/></item><item><博主头像>http://tva4.sinaimg.cn/crop.0.0.180.180.50/a939bd90jw1e8qgp5bmzyj2050050aa8.jpg</博主头像><博主id>2839133584</博主id><博主>贫道玄烨</博主><博主主页>http://weibo.com/ljiaze314?refer_flag=1001030103_</博主主页><博文>
		【清洁车内空气】进入春季，大多数车主都会对汽车内饰进行清洁和养护，清洗内饰后，车内立刻焕然一新，但可别以为这样就算大功告成。因为看似干净的车内，其实还隐藏着许多肉眼看不见的细菌、螨虫，还不时散发出刺鼻的气味，所以需要对车内空气进行清洁。 ​
		</博文><博文独立网址>http://weibo.com/2839133584/F5OY79WU9?refer_flag=1001030103_</博文独立网址><发布时间>2017-06-01 17:04</发布时间><发布终端>微博 weibo.com</发布终端><转发数/><评论数/><点赞数/><EXPORTFLAG/></item><item><博主头像>http://tva2.sinaimg.cn/crop.0.0.180.180.50/9f94dabfjw1e8qgp5bmzyj2050050aa8.jpg</博主头像><博主id>2677332671</博主id><博主>9173游戏</博主><博主主页>http://weibo.com/9173youxi?refer_flag=1001030103_</博主主页><博文>
		此款便携式折叠水桶采用优质PVC防水涂层制造而成，它的特点可以折叠、体积小巧、便于携带，不漏水，不怕摔，是一款经久实用的盛水盛放物品工具。适用于汽车，户外出行，野营锤钓等，既是外出人士卫生方便的必备用品， ​
		</博文><博文独立网址>http://weibo.com/2677332671/F5OXZsiHp?refer_flag=1001030103_</博文独立网址><发布时间>2017-06-01 17:03</发布时间><发布终端>贝贝微助手</发布终端><转发数/><评论数/><点赞数/><EXPORTFLAG/></item><item><博主头像>http://tva2.sinaimg.cn/crop.0.0.180.180.50/945a045bjw1e8qgp5bmzyj2050050aa8.jpg</博主头像><博主id>2488927323</博主id><博主>蒯涤不刮裳ku58_iez</博主><博主主页>http://weibo.com/u/2488927323?refer_flag=1001030103_</博主主页><博文>
		【正确启动汽车的操作顺序】上车后，首先对钥匙门通电，当确保行车电脑自检无异常后，踩住刹车踏板将挡位换至空挡，随后进行点火操作。在着车状态下等待一段时间，待水温逐渐升高时，你需要对车身、轮胎状态进行检查。当水温逐渐升上来的时候，系好安全带，踩住刹车挂入挡位，松开驻车制动器后，出发。 ​
		</博文><博文独立网址>http://weibo.com/2488927323/F5OXZrIDt?refer_flag=1001030103_</博文独立网址><发布时间>2017-06-01 17:03</发布时间><发布终端>iPhone 6s</发布终端><转发数/><评论数/><点赞数/><EXPORTFLAG/></item><item><博主头像>http://tva4.sinaimg.cn/crop.46.0.592.592.50/cfb916d1jw8ezfu5logx5j20m80gg0ww.jpg</博主头像><博主id>3485013713</博主id><博主>楼兰情感</博主><博主主页>http://weibo.com/lyzli?refer_flag=1001030103_</博主主页><博文>
		爱上未知你的前半生我无法参与，你的后半生我奉陪到底。恋爱就像公共汽车，你等待的那趟永远不来，你不等的那些车却接二连三。#用自己喜欢的方式过一生##一段文字,一种心情##最美情话# ​
		</博文><博文独立网址>http://weibo.com/3485013713/F5OXKFNiD?refer_flag=1001030103_</博文独立网址><发布时间>2017-06-01 17:03</发布时间><发布终端>小米Note2 双曲面</发布终端><转发数>1</转发数><评论数>1</评论数><点赞数>4</点赞数><EXPORTFLAG/></item><item><博主头像>http://tva1.sinaimg.cn/crop.0.0.1006.1006.50/a1127cbajw8fcxblab6r1j20ry0ry0uj.jpg</博主头像><博主id>2702343354</博主id><博主>沉梦昂志上下求索</博主><博主主页>http://weibo.com/u/2702343354?refer_flag=1001030103_</博主主页><博文>
		我免费围观了 @硬哥 的回答，问题价值 14.90 元，快来一起免费围观~ 网页链接 ​
		</博文><博文独立网址>http://weibo.com/2702343354/F5OXKqvkV?refer_flag=1001030103_</博文独立网址><发布时间>2017-06-01 17:03</发布时间><发布终端>微博 weibo.com</发布终端><转发数/><评论数/><点赞数/><EXPORTFLAG/></item></列></item></列表></extraction>