<?xml version="1.0" encoding="UTF-8"?><extraction><clueid>373892854</clueid><fullpath><![CDATA[http://s.weibo.com/weibo/%25E6%25B1%25BD%25E8%25BD%25A6&typeall=1&suball=1&timescope=custom:2016-06-01:2017-06-01-23&page=30]]></fullpath><realpath><![CDATA[http://s.weibo.com/weibo/%25E6%25B1%25BD%25E8%25BD%25A6&typeall=1&suball=1&timescope=custom:2016-06-01:2017-06-01-23&page=30]]></realpath><theme>微博关键词搜索采集</theme><middle>default</middle><createdate>2017-6-1 17:39:21</createdate><pageno>30</pageno><actionno></actionno><actionvalue></actionvalue><prestamp>DSEngine-+-ds_browser_ds_task_xp1-+-1661323388</prestamp><currentstamp>DSEngine-+-ds_browser_ds_task_xp1-+-1661342939</currentstamp><baseURI><bucketBaseURI><bucketName>list</bucketName><uri><![CDATA[http://s.weibo.com/weibo/%25E6%25B1%25BD%25E8%25BD%25A6&typeall=1&suball=1&timescope=custom:2016-06-01:2017-06-01-23&page=30]]></uri></bucketBaseURI></baseURI>
<列表><item><关键字>汽车</关键字><列><item><博主头像>http://tva3.sinaimg.cn/crop.0.0.639.639.50/eb45ba9ejw8eltgot7pygj20hs0hrt8v.jpg</博主头像><博主id>3947215518</博主id><博主>莉莉璐_Lll</博主><博主主页>http://weibo.com/u/3947215518?refer_flag=1001030103_</博主主页><博文>
		听着一个采购在面试sqa leader，基本非汽车行业的都会被pass掉。 ​
		</博文><博文独立网址>http://weibo.com/3947215518/F5OC8DpdG?refer_flag=1001030103_</博文独立网址><发布时间>2017-06-01 16:10</发布时间><发布终端>iPhone 7 Plus</发布终端><转发数/><评论数/><点赞数/><EXPORTFLAG/></item><item><博主头像>http://tva2.sinaimg.cn/crop.189.15.567.567.50/6b892a45jw1evdusg0g9gj20qa0gqaev.jpg</博主头像><博主id>1804151365</博主id><博主>黑夜樱花</博主><博主主页>http://weibo.com/u/1804151365?refer_flag=1001030103_</博主主页><博文>
		@石景山杂谈 海特花园小区物业没有经过全体业主同意就收取停车费，这样做合法吗？《中华人民共和国物权法》第七十三条规定：小区内的道路、绿地、公用设施和物业服务用房，属于业主共有。七十四条第三款规定：占用业主共有的道路或者其他的场地用于停放汽车的车位，属于业主共有。　　根据《中华人民 ​
			...展开全文c
		</博文><博文独立网址>http://weibo.com/1804151365/F5OC8mtDg?refer_flag=1001030103_</博文独立网址><发布时间>2017-06-01 16:10</发布时间><发布终端>华为 P8max</发布终端><转发数>1</转发数><评论数/><点赞数/><EXPORTFLAG/></item><item><博主头像>http://tva2.sinaimg.cn/crop.0.0.180.180.50/8f51d8fbjw1e8qgp5bmzyj2050050aa8.jpg</博主头像><博主id>2404505851</博主id><博主>青岛车管</博主><博主主页>http://weibo.com/qdcgs?refer_flag=1001030103_</博主主页><博文>
		#您的安全是我们的牵挂#​汽车行驶中，轮胎对行车安全极为重要，高速行驶中爆胎导致事故时有发生。及时掌握并采用正确应对措施，因爆胎而导致的伤害会大大减少！总的来说，爆胎时要把稳方向盘，保持前进方向，同时降低档位，并轻点刹车辅助制动。千万不能猛踩刹车或急打方向！ ​
		</博文><博文独立网址>http://weibo.com/2404505851/F5OC5FRHt?refer_flag=1001030103_</博文独立网址><发布时间>2017-06-01 16:10</发布时间><发布终端>360安全浏览器</发布终端><转发数/><评论数/><点赞数>1</点赞数><EXPORTFLAG/></item><item><博主头像>http://tva1.sinaimg.cn/crop.0.0.180.180.50/9462d9a7jw1f4goindv6aj2050050t8w.jpg</博主头像><博主id>2489506215</博主id><博主>百色交警田阳大队</博主><博主主页>http://weibo.com/u/2489506215?refer_flag=1001030103_</博主主页><博文>
		#交安宣传# 【使用安全带卡扣 何必自欺欺人】 一个小小的安全带卡扣，插进安全带后，汽车便不再发出“滴滴”的警示音。不过，与此同时，这给驾乘人员带来了安全隐患。在此提醒广大车友：珍惜生命，禁用安全带卡扣！ ​​​​
		</博文><博文独立网址>http://weibo.com/2489506215/F5OBXsG0s?refer_flag=1001030103_</博文独立网址><发布时间>2017-06-01 16:09</发布时间><发布终端>微博 weibo.com</发布终端><转发数/><评论数/><点赞数/><EXPORTFLAG/></item><item><博主头像>http://tva4.sinaimg.cn/crop.0.0.180.180.50/c7414c54jw1e8qgp5bmzyj2050050aa8.jpg</博主头像><博主id>3342945364</博主id><博主>德创咨询</博主><博主主页>http://weibo.com/u/3342945364?refer_flag=1001030103_</博主主页><博文>
		发表了博文《汽车融资租赁交易结构分析与基本模式》汽车融资租赁交易结构分析与基本模式&amp;#8203;根据日前国际咨询管理机构罗兰贝格发布的《2016中国汽车金融报告》显示，近年来，中国汽车金融市场快速发展|汽车融资租... ​
		</博文><博文独立网址>http://weibo.com/3342945364/F5OBQ37X7?refer_flag=1001030103_</博文独立网址><发布时间>2017-06-01 16:09</发布时间><发布终端>新浪博客</发布终端><转发数/><评论数/><点赞数/><EXPORTFLAG/></item><item><博主头像>http://tva3.sinaimg.cn/crop.0.0.518.518.50/7720a35ajw8fcb49elyucj20ee0eejt6.jpg</博主头像><博主id>1998627674</博主id><博主>汽车糗事</博主><博主主页>http://weibo.com/u/1998627674?refer_flag=1001030103_</博主主页><博文>
		【雨天汽车保养维护小常识】勤开空调。在室内防潮方面，开冷气是最好的方法，即使天气凉，只要设定温度，一并开启冷气并不会减少暖气的效果，反而可增加除湿功能。一遇天气放晴，将车子停在太阳下接受日晒，打开四门车窗，让室内空气对流一番，被晒热的车身会很快地排除内部淤积的水汽。 ​
		</博文><博文独立网址>http://weibo.com/1998627674/F5OBL0ID4?refer_flag=1001030103_</博文独立网址><发布时间>2017-06-01 16:09</发布时间><发布终端>皮皮时光机</发布终端><转发数/><评论数/><点赞数/><EXPORTFLAG/></item><item><博主头像>http://tva2.sinaimg.cn/crop.0.0.200.200.50/006CSgl8jw1fa6iurh1ooj305k05k74e.jpg</博主头像><博主id>6071230286</博主id><博主>胖达君epee</博主><博主主页>http://weibo.com/u/6071230286?refer_flag=1001030103_</博主主页><博文>
		imgur上一个网友做了一个实验，在热天里，把一个盘子里的鸡蛋放在汽车，只是过了15分钟，里面的鸡蛋居然熟了。他希望用这种方式去告诉网友们：不要把家里的宠物单独留在车上 ​​​​
		</博文><博文独立网址>http://weibo.com/6071230286/F5OBGijhT?refer_flag=1001030103_</博文独立网址><发布时间>2017-06-01 16:08</发布时间><发布终端>微博 weibo.com</发布终端><转发数/><评论数/><点赞数/><EXPORTFLAG/></item><item><博主头像>http://tvax2.sinaimg.cn/crop.0.8.1242.1242.50/006yZV0Dly8fg3v6hbdy6j30yi0yzq8k.jpg</博主头像><博主id>6013949571</博主id><博主>静琪2016</博主><博主主页>http://weibo.com/u/6013949571?refer_flag=1001030103_</博主主页><博文>
		户外车载车充双USB接口车载加湿器喷雾 汽车空气净化器香薰 |户外车载车... ​
		</博文><博文独立网址>http://weibo.com/6013949571/F5OBEeQjJ?refer_flag=1001030103_</博文独立网址><发布时间>2017-06-01 16:08</发布时间><发布终端>iPhone 6 Plus</发布终端><转发数/><评论数/><点赞数/><EXPORTFLAG/></item><item><博主头像>http://tva4.sinaimg.cn/crop.0.0.1024.1024.50/006xCflSjw8f9drcgvq8mj30sg0sggom.jpg</博主头像><博主id>5993531560</博主id><博主>中新经纬</博主><博主主页>http://weibo.com/u/5993531560?refer_flag=1001030103_</博主主页><博文>
		【主人骑车被撞 忠犬护主猛追肇事车】5月24日，江苏张家港市，一女子骑电瓶车通过十字路口时被小轿车刮倒。女子倒地后电瓶车上跳下一只小狗，追上肇事汽车，与司机一起回到女主人身边，所幸女子并无大碍。期间小狗一直围在主人身边。女子说，小狗很忠心，轻易见不得她吃亏。 澎湃新闻的... ​
		</博文><博文独立网址>http://weibo.com/5993531560/F5OBA4ZAL?refer_flag=1001030103_</博文独立网址><发布时间>2017-06-01 16:08</发布时间><发布终端>分享按钮</发布终端><转发数/><评论数/><点赞数>5</点赞数><EXPORTFLAG/></item><item><博主头像>http://tva3.sinaimg.cn/crop.79.0.568.568.50/45682270jw8f6l78t27aej20sg0iztdq.jpg</博主头像><博主id>1164452464</博主id><博主>感性男人30</博主><博主主页>http://weibo.com/576122778?refer_flag=1001030103_</博主主页><博文>
		【车里电子狗早该丢了！现在汽车上改流行装这几样，让你用完偷着乐】 |车里电子狗... ​
		</博文><博文独立网址>http://weibo.com/1164452464/F5OBru2vr?refer_flag=1001030103_</博文独立网址><发布时间>2017-06-01 16:08</发布时间><发布终端>今日头条</发布终端><转发数/><评论数/><点赞数/><EXPORTFLAG/></item><item><博主头像>http://tva4.sinaimg.cn/crop.194.50.491.491.50/6603e39fjw1fbjljm7favj20nu0iemyu.jpg</博主头像><博主id>1711530911</博主id><博主>济南时报</博主><博主主页>http://weibo.com/jntimes?refer_flag=1001030103_</博主主页><博文>
		【俯瞰#汽车坟场#数万辆机动车压缩成饼干般堆积如山】1日，在位于美里湖附近的报废中心，众多的报废车一层层叠放在院内，从高空俯瞰，数万辆机动车压缩如同饼干，堆积如山，场面十分震撼壮观。这里被俗称为“汽车坟场”，一辆报废后的机动车就是在这里完成拆解的过程。一辆报废车的拆解需要经过 ​
			...展开全文c
		</博文><博文独立网址>http://weibo.com/1711530911/F5OBrcbTq?refer_flag=1001030103_</博文独立网址><发布时间>2017-06-01 16:08</发布时间><发布终端>专业版微博</发布终端><转发数>1</转发数><评论数>1</评论数><点赞数>3</点赞数><EXPORTFLAG/></item><item><博主头像>http://tva4.sinaimg.cn/crop.93.13.284.284.50/005ES307gw1ej9qin0df0j30d608cq44.jpg</博主头像><博主id>5184598851</博主id><博主>池州开发区公安在线</博主><博主主页>http://weibo.com/czkfqga?refer_flag=1001030103_</博主主页><博文>
		【车站如何防骗 揭秘车站四大骗术】以下是活跃在火车站及长途汽车站的骗子惯用的一些诈骗手法，请大家提高警惕，切勿上当受骗！ ​​​​
		</博文><博文独立网址>http://weibo.com/5184598851/F5OBre3HE?refer_flag=1001030103_</博文独立网址><发布时间>2017-06-01 16:08</发布时间><发布终端>微博 weibo.com</发布终端><转发数/><评论数/><点赞数/><EXPORTFLAG/></item><item><博主头像>http://tva4.sinaimg.cn/crop.0.0.180.180.50/c7414c54jw1e8qgp5bmzyj2050050aa8.jpg</博主头像><博主id>3342945364</博主id><博主>德创咨询</博主><博主主页>http://weibo.com/u/3342945364?refer_flag=1001030103_</博主主页><博文>
		发表了博文《汽车融资租赁的经营策略》汽车融资租赁的经营策略&amp;#8203;罗晓春：贵银金租总裁中国经济保持高中速发展近40年，经济总量居全球第二之后，汽车正由个人身份的象征、家庭财富的代表而成为平民老百|汽车融资租... ​
		</博文><博文独立网址>http://weibo.com/3342945364/F5OBq1sKe?refer_flag=1001030103_</博文独立网址><发布时间>2017-06-01 16:08</发布时间><发布终端>新浪博客</发布终端><转发数/><评论数/><点赞数/><EXPORTFLAG/></item><item><博主头像>http://tva3.sinaimg.cn/crop.0.0.180.180.50/77905eefjw1e8qgp5bmzyj2050050aa8.jpg</博主头像><博主id>2005950191</博主id><博主>象州交警大队</博主><博主主页>http://weibo.com/u/2005950191?refer_flag=1001030103_</博主主页><博文>
		#夏季交通安全提示#定时定期保养。不管是什么物品，用久了都会坏。更何况汽车还涉及到自身的人身安全，所以更不能掉以轻心。夏季气候高温，稍不留神便会发生事故，所以要定时定期保养汽车，开车前要检查轮胎气压是否正常，刹车是否灵敏，相关的油水电气是否能正常工作，油箱，电线是否完好无损。 ​
		</博文><博文独立网址>http://weibo.com/2005950191/F5OBoyO0X?refer_flag=1001030103_</博文独立网址><发布时间>2017-06-01 16:08</发布时间><发布终端>iPhone 6s Plus</发布终端><转发数/><评论数/><点赞数/><EXPORTFLAG/></item><item><博主头像>http://tva4.sinaimg.cn/crop.0.0.200.200.50/006EsDepjw1fbg5q464byj305k05kt8s.jpg</博主头像><博主id>6094674425</博主id><博主>妖娆娆coma</博主><博主主页>http://weibo.com/u/6094674425?refer_flag=1001030103_</博主主页><博文>
		告诉你一个不好的消息 。这辆车就要起飞了，搭载3台战斗机发动机的汽车有多厉害，我们来见识见识！ L ​​​​
		</博文><博文独立网址>http://weibo.com/6094674425/F5OBk82v9?refer_flag=1001030103_</博文独立网址><发布时间>2017-06-01 16:08</发布时间><发布终端>微博 weibo.com</发布终端><转发数/><评论数/><点赞数/><EXPORTFLAG/></item><item><博主头像>http://tva1.sinaimg.cn/crop.0.0.259.259.50/b1257f0bjw8elz35mlxd6j2077077dg9.jpg</博主头像><博主id>2972024587</博主id><博主>新浪河北观影团</博主><博主主页>http://weibo.com/u/2972024587?refer_flag=1001030103_</博主主页><博文>
		【主人骑车被撞 忠犬护主猛追肇事车】5月24日，江苏张家港市，一女子骑电瓶车通过十字路口时被小轿车刮倒。女子倒地后电瓶车上跳下一只小狗，追上肇事汽车，与司机一起回到女主人身边，所幸女子并无大碍。期间小狗一直围在主人身边。 澎湃新闻的... ​
		</博文><博文独立网址>http://weibo.com/2972024587/F5OBdkKQP?refer_flag=1001030103_</博文独立网址><发布时间>2017-06-01 16:07</发布时间><发布终端>分享按钮</发布终端><转发数/><评论数/><点赞数/><EXPORTFLAG/></item><item><博主头像>http://tva4.sinaimg.cn/crop.13.6.233.233.50/006r8E6Njw8f2v4446qmej306y06ywel.jpg</博主头像><博主id>5897818869</博主id><博主>南京轻搜</博主><博主主页>http://weibo.com/u/5897818869?refer_flag=1001030103_</博主主页><博文>
		【行人和无人驾驶的对抗】一个巨大的改变将要到来。了解其他道路使用者的心理，例如什么时候行人会避让，对于不是由人类驾驶的汽车过马路并没有帮助。无人驾驶的时代将要来临，预计2030年无人驾驶汽车将十分普遍。作为驾驶人员，无人驾驶汽车的行为方式与人类驾驶汽车不同，这些无人驾驶汽车会被编程设 ​
			...展开全文c
		</博文><博文独立网址>http://weibo.com/5897818869/F5OB8lsyt?refer_flag=1001030103_</博文独立网址><发布时间>2017-06-01 16:07</发布时间><发布终端>分享按钮</发布终端><转发数/><评论数/><点赞数>1</点赞数><EXPORTFLAG/></item><item><博主头像>http://tva3.sinaimg.cn/crop.0.0.2043.2043.50/8edfbf86jw1f2pj0gpbgzj21kw1kwgua.jpg</博主头像><博主id>2397028230</博主id><博主>中国电池网微博</博主><博主主页>http://weibo.com/chinaitdcw?refer_flag=1001030103_</博主主页><博文>
		【互联网车企扎堆新能源车 但新能源本身真是风口吗？】从消费路径上说，新能源车还是要与无人驾驶、智能车联网等创新要素结合起来，包装互联网汽车的新概念，才能与传统汽车分庭抗礼。网页链接 ​
		</博文><博文独立网址>http://weibo.com/2397028230/F5OB79CAa?refer_flag=1001030103_</博文独立网址><发布时间>2017-06-01 16:07</发布时间><发布终端>中国电池网</发布终端><转发数/><评论数/><点赞数/><EXPORTFLAG/></item><item><博主头像>http://tva2.sinaimg.cn/crop.0.0.1002.1002.50/59220881jw8f936muvt8gj20ru0ru40d.jpg</博主头像><博主id>1495402625</博主id><博主>博望政经</博主><博主主页>http://weibo.com/u/1495402625?refer_flag=1001030103_</博主主页><博文>
		一般中国警察会想新的办法，譬如汽车后座不系安全带也要坐牢。。。
		</博文><博文独立网址>http://weibo.com/1650111241/F5OfN84LT?refer_flag=1001030103_</博文独立网址><发布时间>2017-06-01 16:07</发布时间><发布终端>微博 weibo.com</发布终端><转发数/><评论数/><点赞数/><EXPORTFLAG/></item><item><博主头像>http://tva4.sinaimg.cn/crop.22.0.88.88.50/0063jWxOjw8erghlvb8q7j303o02gweb.jpg</博主头像><博主id>5545879280</博主id><博主>滨海时报菲儿</博主><博主主页>http://weibo.com/u/5545879280?refer_flag=1001030103_</博主主页><博文>
		检验检疫局让“小汽车”快速通关
		</博文><博文独立网址>http://weibo.com/3009788765/F5GOjr5Fb?refer_flag=1001030103_</博文独立网址><发布时间>2017-06-01 16:07</发布时间><发布终端>360安全浏览器</发布终端><转发数/><评论数/><点赞数/><EXPORTFLAG/></item></列></item></列表></extraction>